0 verbose cli C:\Program Files\nodejs\node.exe C:\Program Files\nodejs\node_modules\npm\bin\npm-cli.js
1 info using npm@11.8.0
2 info using node@v24.13.1
3 silly config load:file:C:\Program Files\nodejs\node_modules\npm\npmrc
4 silly config load:file:C:\Users\Sarthak\Documents\Codex\2026-08-28\files-pasted-by-the-user-you\.npmrc
5 silly config load:file:C:\Users\Sarthak\.npmrc
6 silly config load:file:C:\Users\Sarthak\AppData\Roaming\npm\etc\npmrc
7 verbose title npm install
8 verbose argv "install" "--cache" ".npm-cache"
9 verbose logfile logs-max:10 dir:C:\Users\Sarthak\Documents\Codex\2026-08-28\files-pasted-by-the-user-you\.npm-cache\_logs\2026-08-28T18_20_58_924Z-
10 verbose logfile C:\Users\Sarthak\Documents\Codex\2026-08-28\files-pasted-by-the-user-you\.npm-cache\_logs\2026-08-28T18_20_58_924Z-debug-0.log
11 silly logfile done cleaning log files
12 silly packumentCache heap:4496293888 maxSize:1124073472 maxEntrySize:562036736
13 silly idealTree buildDeps
14 silly fetch manifest @turf/turf@^7.2.0
15 silly packumentCache full:https://registry.npmjs.org/@turf%2fturf cache-miss
16 http fetch GET 200 https://registry.npmjs.org/@turf%2fturf 123ms (cache miss)
17 silly packumentCache full:https://registry.npmjs.org/@turf%2fturf set size:undefined disposed:false
18 silly fetch manifest maplibre-gl@^5.1.0
19 silly packumentCache full:https://registry.npmjs.org/maplibre-gl cache-miss
20 http fetch GET 200 https://registry.npmjs.org/npm 155ms
21 http fetch GET 200 https://registry.npmjs.org/maplibre-gl 122ms (cache miss)
22 silly packumentCache full:https://registry.npmjs.org/maplibre-gl set size:undefined disposed:false
23 silly fetch manifest pmtiles@^4.3.0
24 silly packumentCache full:https://registry.npmjs.org/pmtiles cache-miss
25 http fetch GET 200 https://registry.npmjs.org/pmtiles 52ms (cache miss)
26 silly packumentCache full:https://registry.npmjs.org/pmtiles set size:undefined disposed:false
27 silly fetch manifest react@^19.0.0
28 silly packumentCache full:https://registry.npmjs.org/react cache-miss
29 http fetch GET 200 https://registry.npmjs.org/react 227ms (cache miss)
30 silly packumentCache full:https://registry.npmjs.org/react set size:undefined disposed:false
31 silly fetch manifest react-dom@^19.0.0
32 silly packumentCache full:https://registry.npmjs.org/react-dom cache-miss
33 http fetch GET 200 https://registry.npmjs.org/react-dom 267ms (cache miss)
34 silly packumentCache full:https://registry.npmjs.org/react-dom set size:undefined disposed:false
35 silly fetch manifest @types/react@^19.0.0
36 silly packumentCache full:https://registry.npmjs.org/@types%2freact cache-miss
37 http fetch GET 200 https://registry.npmjs.org/@types%2freact 119ms (cache miss)
38 silly packumentCache full:https://registry.npmjs.org/@types%2freact set size:undefined disposed:false
39 silly fetch manifest @types/react-dom@^19.0.0
40 silly packumentCache full:https://registry.npmjs.org/@types%2freact-dom cache-miss
41 http fetch GET 200 https://registry.npmjs.org/@types%2freact-dom 91ms (cache miss)
42 silly packumentCache full:https://registry.npmjs.org/@types%2freact-dom set size:undefined disposed:false
43 silly fetch manifest @vitejs/plugin-react@^4.4.1
44 silly packumentCache full:https://registry.npmjs.org/@vitejs%2fplugin-react cache-miss
45 http fetch GET 200 https://registry.npmjs.org/@vitejs%2fplugin-react 77ms (cache miss)
46 silly packumentCache full:https://registry.npmjs.org/@vitejs%2fplugin-react set size:undefined disposed:false
47 silly fetch manifest vite@^6.1.0
48 silly packumentCache full:https://registry.npmjs.org/vite cache-miss
49 http fetch GET 200 https://registry.npmjs.org/vite 1366ms (cache miss)
50 silly packumentCache full:https://registry.npmjs.org/vite set size:undefined disposed:false
51 silly fetch manifest @types/node@^18.0.0 || ^20.0.0 || >=22.0.0
52 silly packumentCache full:https://registry.npmjs.org/@types%2fnode cache-miss
53 http fetch GET 200 https://registry.npmjs.org/@types%2fnode 280ms (cache miss)
54 silly packumentCache full:https://registry.npmjs.org/@types%2fnode set size:undefined disposed:false
55 silly fetch manifest jiti@>=1.21.0
56 silly packumentCache full:https://registry.npmjs.org/jiti cache-miss
57 http fetch GET 200 https://registry.npmjs.org/jiti 43ms (cache miss)
58 silly packumentCache full:https://registry.npmjs.org/jiti set size:undefined disposed:false
59 silly fetch manifest less@*
60 silly packumentCache full:https://registry.npmjs.org/less cache-miss
61 http fetch GET 200 https://registry.npmjs.org/less 43ms (cache miss)
62 silly packumentCache full:https://registry.npmjs.org/less set size:undefined disposed:false
63 silly fetch manifest lightningcss@^1.21.0
64 silly packumentCache full:https://registry.npmjs.org/lightningcss cache-miss
65 http fetch GET 200 https://registry.npmjs.org/lightningcss 310ms (cache miss)
66 silly packumentCache full:https://registry.npmjs.org/lightningcss set size:undefined disposed:false
67 silly fetch manifest sass@*
68 silly packumentCache full:https://registry.npmjs.org/sass cache-miss
69 http fetch GET 200 https://registry.npmjs.org/sass 68ms (cache miss)
70 silly packumentCache full:https://registry.npmjs.org/sass set size:undefined disposed:false
71 silly fetch manifest sass-embedded@*
72 silly packumentCache full:https://registry.npmjs.org/sass-embedded cache-miss
73 http fetch GET 200 https://registry.npmjs.org/sass-embedded 60ms (cache miss)
74 silly packumentCache full:https://registry.npmjs.org/sass-embedded set size:undefined disposed:false
75 silly fetch manifest stylus@*
76 silly packumentCache full:https://registry.npmjs.org/stylus cache-miss
77 http fetch GET 200 https://registry.npmjs.org/stylus 44ms (cache miss)
78 silly packumentCache full:https://registry.npmjs.org/stylus set size:undefined disposed:false
79 silly fetch manifest sugarss@*
80 silly packumentCache full:https://registry.npmjs.org/sugarss cache-miss
81 http fetch GET 200 https://registry.npmjs.org/sugarss 39ms (cache miss)
82 silly packumentCache full:https://registry.npmjs.org/sugarss set size:undefined disposed:false
83 silly fetch manifest postcss@^8.3.3
84 silly packumentCache full:https://registry.npmjs.org/postcss cache-miss
85 http fetch GET 200 https://registry.npmjs.org/postcss 63ms (cache miss)
86 silly packumentCache full:https://registry.npmjs.org/postcss set size:undefined disposed:false
87 silly fetch manifest terser@^5.16.0
88 silly packumentCache full:https://registry.npmjs.org/terser cache-miss
89 http fetch GET 200 https://registry.npmjs.org/terser 65ms (cache miss)
90 silly packumentCache full:https://registry.npmjs.org/terser set size:undefined disposed:false
91 silly fetch manifest tsx@^4.8.1
92 silly packumentCache full:https://registry.npmjs.org/tsx cache-miss
93 http fetch GET 200 https://registry.npmjs.org/tsx 308ms (cache miss)
94 silly packumentCache full:https://registry.npmjs.org/tsx set size:undefined disposed:false
95 silly fetch manifest yaml@^2.4.2
96 silly packumentCache full:https://registry.npmjs.org/yaml cache-miss
97 http fetch GET 200 https://registry.npmjs.org/yaml 46ms (cache miss)
98 silly packumentCache full:https://registry.npmjs.org/yaml set size:undefined disposed:false
99 silly fetch manifest typescript@~5.7.2
100 silly packumentCache full:https://registry.npmjs.org/typescript cache-miss
101 http fetch GET 200 https://registry.npmjs.org/typescript 326ms (cache miss)
102 silly packumentCache full:https://registry.npmjs.org/typescript set size:undefined disposed:false
103 silly placeDep ROOT @turf/turf@7.4.0 OK for: chiraag@0.1.0 want: ^7.2.0
104 silly placeDep ROOT @types/react@19.2.18 OK for: chiraag@0.1.0 want: ^19.0.0
105 silly placeDep ROOT @types/react-dom@19.2.5 OK for: chiraag@0.1.0 want: ^19.0.0
106 silly placeDep ROOT @vitejs/plugin-react@4.7.0 OK for: chiraag@0.1.0 want: ^4.4.1
107 silly placeDep ROOT vite@6.4.3 OK for: @vitejs/plugin-react@4.7.0 want: ^4.2.0 || ^5.0.0 || ^6.0.0 || ^7.0.0
108 silly placeDep ROOT maplibre-gl@5.24.0 OK for: chiraag@0.1.0 want: ^5.1.0
109 silly placeDep ROOT pmtiles@4.5.0 OK for: chiraag@0.1.0 want: ^4.3.0
110 silly placeDep ROOT react@19.2.8 OK for: chiraag@0.1.0 want: ^19.0.0
111 silly placeDep ROOT react-dom@19.2.8 OK for: chiraag@0.1.0 want: ^19.0.0
112 silly placeDep ROOT typescript@5.7.3 OK for: chiraag@0.1.0 want: ~5.7.2
113 silly fetch manifest tslib@^2.8.1
114 silly packumentCache full:https://registry.npmjs.org/tslib cache-miss
115 silly fetch manifest @turf/tag@7.4.0
116 silly packumentCache full:https://registry.npmjs.org/@turf%2ftag cache-miss
117 silly fetch manifest @turf/tin@7.4.0
118 silly packumentCache full:https://registry.npmjs.org/@turf%2ftin cache-miss
119 silly fetch manifest @turf/area@7.4.0
120 silly packumentCache full:https://registry.npmjs.org/@turf%2farea cache-miss
121 silly fetch manifest @turf/bbox@7.4.0
122 silly packumentCache full:https://registry.npmjs.org/@turf%2fbbox cache-miss
123 silly fetch manifest @turf/flip@7.4.0
124 silly packumentCache full:https://registry.npmjs.org/@turf%2fflip cache-miss
125 silly fetch manifest @turf/mask@7.4.0
126 silly packumentCache full:https://registry.npmjs.org/@turf%2fmask cache-miss
127 silly fetch manifest @turf/meta@7.4.0
128 silly packumentCache full:https://registry.npmjs.org/@turf%2fmeta cache-miss
129 silly fetch manifest @turf/along@7.4.0
130 silly packumentCache full:https://registry.npmjs.org/@turf%2falong cache-miss
131 silly fetch manifest @turf/angle@7.4.0
132 silly packumentCache full:https://registry.npmjs.org/@turf%2fangle cache-miss
133 silly fetch manifest @turf/clone@7.4.0
134 silly packumentCache full:https://registry.npmjs.org/@turf%2fclone cache-miss
135 silly fetch manifest @turf/kinks@7.4.0
136 silly packumentCache full:https://registry.npmjs.org/@turf%2fkinks cache-miss
137 silly fetch manifest @turf/union@7.4.0
138 silly packumentCache full:https://registry.npmjs.org/@turf%2funion cache-miss
139 http fetch GET 200 https://registry.npmjs.org/tslib 75ms (cache miss)
140 silly packumentCache full:https://registry.npmjs.org/tslib set size:undefined disposed:false
141 silly fetch manifest @turf/buffer@7.4.0
142 silly packumentCache full:https://registry.npmjs.org/@turf%2fbuffer cache-miss
143 http fetch GET 200 https://registry.npmjs.org/@turf%2farea 827ms (cache miss)
144 silly packumentCache full:https://registry.npmjs.org/@turf%2farea set size:undefined disposed:false
145 silly fetch manifest @turf/center@7.4.0
146 silly packumentCache full:https://registry.npmjs.org/@turf%2fcenter cache-miss
147 http fetch GET 200 https://registry.npmjs.org/@turf%2fmask 829ms (cache miss)
148 silly packumentCache full:https://registry.npmjs.org/@turf%2fmask set size:undefined disposed:false
149 silly fetch manifest @turf/circle@7.4.0
150 silly packumentCache full:https://registry.npmjs.org/@turf%2fcircle cache-miss
151 http fetch GET 200 https://registry.npmjs.org/@turf%2fbuffer 761ms (cache miss)
152 silly packumentCache full:https://registry.npmjs.org/@turf%2fbuffer set size:undefined disposed:false
153 silly fetch manifest @turf/convex@7.4.0
154 silly packumentCache full:https://registry.npmjs.org/@turf%2fconvex cache-miss
155 http fetch GET 200 https://registry.npmjs.org/@turf%2ftag 841ms (cache miss)
156 silly packumentCache full:https://registry.npmjs.org/@turf%2ftag set size:undefined disposed:false
157 silly fetch manifest @turf/length@7.4.0
158 silly packumentCache full:https://registry.npmjs.org/@turf%2flength cache-miss
159 http fetch GET 200 https://registry.npmjs.org/@turf%2funion 845ms (cache miss)
160 silly packumentCache full:https://registry.npmjs.org/@turf%2funion set size:undefined disposed:false
161 silly fetch manifest @turf/random@7.4.0
162 silly packumentCache full:https://registry.npmjs.org/@turf%2frandom cache-miss
163 http fetch GET 200 https://registry.npmjs.org/@turf%2fkinks 851ms (cache miss)
164 silly packumentCache full:https://registry.npmjs.org/@turf%2fkinks set size:undefined disposed:false
165 silly fetch manifest @turf/rewind@7.4.0
166 silly packumentCache full:https://registry.npmjs.org/@turf%2frewind cache-miss
167 http fetch GET 200 https://registry.npmjs.org/@turf%2fflip 856ms (cache miss)
168 silly packumentCache full:https://registry.npmjs.org/@turf%2fflip set size:undefined disposed:false
169 silly fetch manifest @turf/sample@7.4.0
170 silly packumentCache full:https://registry.npmjs.org/@turf%2fsample cache-miss
171 http fetch GET 200 https://registry.npmjs.org/@turf%2ftin 860ms (cache miss)
172 silly packumentCache full:https://registry.npmjs.org/@turf%2ftin set size:undefined disposed:false
173 silly fetch manifest @turf/sector@7.4.0
174 silly packumentCache full:https://registry.npmjs.org/@turf%2fsector cache-miss
175 http fetch GET 200 https://registry.npmjs.org/@turf%2falong 861ms (cache miss)
176 silly packumentCache full:https://registry.npmjs.org/@turf%2falong set size:undefined disposed:false
177 silly fetch manifest @turf/square@7.4.0
178 silly packumentCache full:https://registry.npmjs.org/@turf%2fsquare cache-miss
179 http fetch GET 200 https://registry.npmjs.org/@turf%2fclone 891ms (cache miss)
180 silly packumentCache full:https://registry.npmjs.org/@turf%2fclone set size:undefined disposed:false
181 silly fetch manifest @turf/bearing@7.4.0
182 silly packumentCache full:https://registry.npmjs.org/@turf%2fbearing cache-miss
183 http fetch GET 200 https://registry.npmjs.org/@turf%2fbbox 898ms (cache miss)
184 silly packumentCache full:https://registry.npmjs.org/@turf%2fbbox set size:undefined disposed:false
185 silly fetch manifest @turf/collect@7.4.0
186 silly packumentCache full:https://registry.npmjs.org/@turf%2fcollect cache-miss
187 http fetch GET 200 https://registry.npmjs.org/@turf%2fmeta 907ms (cache miss)
188 silly packumentCache full:https://registry.npmjs.org/@turf%2fmeta set size:undefined disposed:false
189 silly fetch manifest @turf/combine@7.4.0
190 silly packumentCache full:https://registry.npmjs.org/@turf%2fcombine cache-miss
191 http fetch GET 200 https://registry.npmjs.org/@turf%2fangle 913ms (cache miss)
192 silly packumentCache full:https://registry.npmjs.org/@turf%2fangle set size:undefined disposed:false
193 silly fetch manifest @turf/concave@7.4.0
194 silly packumentCache full:https://registry.npmjs.org/@turf%2fconcave cache-miss
195 http fetch GET 200 https://registry.npmjs.org/@turf%2frandom 820ms (cache miss)
196 silly packumentCache full:https://registry.npmjs.org/@turf%2frandom set size:undefined disposed:false
197 silly fetch manifest @turf/ellipse@7.4.0
198 silly packumentCache full:https://registry.npmjs.org/@turf%2fellipse cache-miss
199 http fetch GET 200 https://registry.npmjs.org/@turf%2fcircle 848ms (cache miss)
200 silly packumentCache full:https://registry.npmjs.org/@turf%2fcircle set size:undefined disposed:false
201 silly fetch manifest @turf/explode@7.4.0
202 silly packumentCache full:https://registry.npmjs.org/@turf%2fexplode cache-miss
203 http fetch GET 200 https://registry.npmjs.org/@turf%2fsquare 827ms (cache miss)
204 silly packumentCache full:https://registry.npmjs.org/@turf%2fsquare set size:undefined disposed:false
205 silly fetch manifest @turf/flatten@7.4.0
206 silly packumentCache full:https://registry.npmjs.org/@turf%2fflatten cache-miss
207 http fetch GET 200 https://registry.npmjs.org/@turf%2frewind 839ms (cache miss)
208 silly packumentCache full:https://registry.npmjs.org/@turf%2frewind set size:undefined disposed:false
209 silly fetch manifest @turf/helpers@7.4.0
210 silly packumentCache full:https://registry.npmjs.org/@turf%2fhelpers cache-miss
211 http fetch GET 200 https://registry.npmjs.org/@turf%2fsector 841ms (cache miss)
212 silly packumentCache full:https://registry.npmjs.org/@turf%2fsector set size:undefined disposed:false
213 silly fetch manifest @turf/voronoi@7.4.0
214 silly packumentCache full:https://registry.npmjs.org/@turf%2fvoronoi cache-miss
215 http fetch GET 200 https://registry.npmjs.org/@turf%2fbearing 809ms (cache miss)
216 silly packumentCache full:https://registry.npmjs.org/@turf%2fbearing set size:undefined disposed:false
217 silly fetch manifest @types/kdbush@^3.0.5
218 silly packumentCache full:https://registry.npmjs.org/@types%2fkdbush cache-miss
219 http fetch GET 200 https://registry.npmjs.org/@turf%2fconvex 871ms (cache miss)
220 silly packumentCache full:https://registry.npmjs.org/@turf%2fconvex set size:undefined disposed:false
221 silly fetch manifest @turf/centroid@7.4.0
222 silly packumentCache full:https://registry.npmjs.org/@turf%2fcentroid cache-miss
223 http fetch GET 200 https://registry.npmjs.org/@turf%2fcenter 886ms (cache miss)
224 silly packumentCache full:https://registry.npmjs.org/@turf%2fcenter set size:undefined disposed:false
225 silly fetch manifest @turf/clusters@7.4.0
226 silly packumentCache full:https://registry.npmjs.org/@turf%2fclusters cache-miss
227 http fetch GET 200 https://registry.npmjs.org/@turf%2flength 875ms (cache miss)
228 silly packumentCache full:https://registry.npmjs.org/@turf%2flength set size:undefined disposed:false
229 silly fetch manifest @turf/dissolve@7.4.0
230 silly packumentCache full:https://registry.npmjs.org/@turf%2fdissolve cache-miss
231 http fetch GET 200 https://registry.npmjs.org/@turf%2fsample 875ms (cache miss)
232 silly packumentCache full:https://registry.npmjs.org/@turf%2fsample set size:undefined disposed:false
233 silly fetch manifest @turf/distance@7.4.0
234 silly packumentCache full:https://registry.npmjs.org/@turf%2fdistance cache-miss
235 http fetch GET 200 https://registry.npmjs.org/@turf%2fcollect 846ms (cache miss)
236 silly packumentCache full:https://registry.npmjs.org/@turf%2fcollect set size:undefined disposed:false
237 silly fetch manifest @turf/envelope@7.4.0
238 silly packumentCache full:https://registry.npmjs.org/@turf%2fenvelope cache-miss
239 http fetch GET 200 https://registry.npmjs.org/@turf%2fcombine 846ms (cache miss)
240 silly packumentCache full:https://registry.npmjs.org/@turf%2fcombine set size:undefined disposed:false
241 silly fetch manifest @turf/hex-grid@7.4.0
242 silly packumentCache full:https://registry.npmjs.org/@turf%2fhex-grid cache-miss
243 http fetch GET 200 https://registry.npmjs.org/@turf%2fconcave 840ms (cache miss)
244 silly packumentCache full:https://registry.npmjs.org/@turf%2fconcave set size:undefined disposed:false
245 silly fetch manifest @turf/isobands@7.4.0
246 silly packumentCache full:https://registry.npmjs.org/@turf%2fisobands cache-miss
247 http fetch GET 200 https://registry.npmjs.org/@types%2fkdbush 656ms (cache miss)
248 silly packumentCache full:https://registry.npmjs.org/@types%2fkdbush set size:undefined disposed:false
249 silly fetch manifest @turf/isolines@7.4.0
250 silly packumentCache full:https://registry.npmjs.org/@turf%2fisolines cache-miss
251 http fetch GET 200 https://registry.npmjs.org/@turf%2fvoronoi 740ms (cache miss)
252 silly packumentCache full:https://registry.npmjs.org/@turf%2fvoronoi set size:undefined disposed:false
253 silly fetch manifest @turf/line-arc@7.4.0
254 silly packumentCache full:https://registry.npmjs.org/@turf%2fline-arc cache-miss
255 http fetch GET 200 https://registry.npmjs.org/@turf%2fhelpers 758ms (cache miss)
256 silly packumentCache full:https://registry.npmjs.org/@turf%2fhelpers set size:undefined disposed:false
257 silly fetch manifest @turf/midpoint@7.4.0
258 silly packumentCache full:https://registry.npmjs.org/@turf%2fmidpoint cache-miss
259 http fetch GET 200 https://registry.npmjs.org/@turf%2fclusters 765ms (cache miss)
260 silly packumentCache full:https://registry.npmjs.org/@turf%2fclusters set size:undefined disposed:false
261 silly fetch manifest @turf/simplify@7.4.0
262 silly packumentCache full:https://registry.npmjs.org/@turf%2fsimplify cache-miss
263 http fetch GET 200 https://registry.npmjs.org/@turf%2fcentroid 780ms (cache miss)
264 silly packumentCache full:https://registry.npmjs.org/@turf%2fcentroid set size:undefined disposed:false
265 silly fetch manifest @turf/truncate@7.4.0
266 silly packumentCache full:https://registry.npmjs.org/@turf%2ftruncate cache-miss
267 http fetch GET 200 https://registry.npmjs.org/@turf%2fexplode 817ms (cache miss)
268 silly packumentCache full:https://registry.npmjs.org/@turf%2fexplode set size:undefined disposed:false
269 silly fetch manifest @types/geojson@^7946.0.10
270 silly packumentCache full:https://registry.npmjs.org/@types%2fgeojson cache-miss
271 http fetch GET 200 https://registry.npmjs.org/@turf%2fellipse 848ms (cache miss)
272 silly packumentCache full:https://registry.npmjs.org/@turf%2fellipse set size:undefined disposed:false
273 silly fetch manifest @turf/bbox-clip@7.4.0
274 silly packumentCache full:https://registry.npmjs.org/@turf%2fbbox-clip cache-miss
275 http fetch GET 200 https://registry.npmjs.org/@turf%2fisobands 766ms (cache miss)
276 silly packumentCache full:https://registry.npmjs.org/@turf%2fisobands set size:undefined disposed:false
277 silly fetch manifest @turf/intersect@7.4.0
278 silly packumentCache full:https://registry.npmjs.org/@turf%2fintersect cache-miss
279 http fetch GET 200 https://registry.npmjs.org/@turf%2fenvelope 785ms (cache miss)
280 silly packumentCache full:https://registry.npmjs.org/@turf%2fenvelope set size:undefined disposed:false
281 silly fetch manifest @turf/invariant@7.4.0
282 silly packumentCache full:https://registry.npmjs.org/@turf%2finvariant cache-miss
283 http fetch GET 200 https://registry.npmjs.org/@turf%2fdistance 804ms (cache miss)
284 silly packumentCache full:https://registry.npmjs.org/@turf%2fdistance set size:undefined disposed:false
285 silly fetch manifest @turf/tesselate@7.4.0
286 silly packumentCache full:https://registry.npmjs.org/@turf%2ftesselate cache-miss
287 http fetch GET 200 https://registry.npmjs.org/@turf%2fflatten 855ms (cache miss)
288 silly packumentCache full:https://registry.npmjs.org/@turf%2fflatten set size:undefined disposed:false
289 silly fetch manifest @turf/difference@7.4.0
290 silly packumentCache full:https://registry.npmjs.org/@turf%2fdifference cache-miss
291 http fetch GET 200 https://registry.npmjs.org/@turf%2fdissolve 832ms (cache miss)
292 silly packumentCache full:https://registry.npmjs.org/@turf%2fdissolve set size:undefined disposed:false
293 silly fetch manifest @turf/line-chunk@7.4.0
294 silly packumentCache full:https://registry.npmjs.org/@turf%2fline-chunk cache-miss
295 http fetch GET 200 https://registry.npmjs.org/@types%2fgeojson 59ms (cache miss)
296 silly packumentCache full:https://registry.npmjs.org/@types%2fgeojson set size:undefined disposed:false
297 silly fetch manifest @turf/line-slice@7.4.0
298 silly packumentCache full:https://registry.npmjs.org/@turf%2fline-slice cache-miss
299 http fetch GET 200 https://registry.npmjs.org/@turf%2fhex-grid 812ms (cache miss)
300 silly packumentCache full:https://registry.npmjs.org/@turf%2fhex-grid set size:undefined disposed:false
301 silly fetch manifest @turf/line-split@7.4.0
302 silly packumentCache full:https://registry.npmjs.org/@turf%2fline-split cache-miss
303 http fetch GET 200 https://registry.npmjs.org/@turf%2fisolines 756ms (cache miss)
304 silly packumentCache full:https://registry.npmjs.org/@turf%2fisolines set size:undefined disposed:false
305 silly fetch manifest @turf/planepoint@7.4.0
306 silly packumentCache full:https://registry.npmjs.org/@turf%2fplanepoint cache-miss
307 http fetch GET 200 https://registry.npmjs.org/@turf%2fmidpoint 739ms (cache miss)
308 silly packumentCache full:https://registry.npmjs.org/@turf%2fmidpoint set size:undefined disposed:false
309 silly fetch manifest @turf/point-grid@7.4.0
310 silly packumentCache full:https://registry.npmjs.org/@turf%2fpoint-grid cache-miss
311 http fetch GET 200 https://registry.npmjs.org/@turf%2fline-arc 807ms (cache miss)
312 silly packumentCache full:https://registry.npmjs.org/@turf%2fline-arc set size:undefined disposed:false
313 silly fetch manifest @turf/polygonize@7.4.0
314 silly packumentCache full:https://registry.npmjs.org/@turf%2fpolygonize cache-miss
315 http fetch GET 200 https://registry.npmjs.org/@turf%2finvariant 727ms (cache miss)
316 silly packumentCache full:https://registry.npmjs.org/@turf%2finvariant set size:undefined disposed:false
317 silly fetch manifest @turf/projection@7.4.0
318 silly packumentCache full:https://registry.npmjs.org/@turf%2fprojection cache-miss
319 http fetch GET 200 https://registry.npmjs.org/@turf%2fsimplify 808ms (cache miss)
320 silly packumentCache full:https://registry.npmjs.org/@turf%2fsimplify set size:undefined disposed:false
321 silly fetch manifest @turf/center-mean@7.4.0
322 silly packumentCache full:https://registry.npmjs.org/@turf%2fcenter-mean cache-miss
323 http fetch GET 200 https://registry.npmjs.org/@turf%2fline-split 726ms (cache miss)
324 silly packumentCache full:https://registry.npmjs.org/@turf%2fline-split set size:undefined disposed:false
325 silly fetch manifest @turf/destination@7.4.0
326 silly packumentCache full:https://registry.npmjs.org/@turf%2fdestination cache-miss
327 http fetch GET 200 https://registry.npmjs.org/@turf%2ftruncate 811ms (cache miss)
328 silly packumentCache full:https://registry.npmjs.org/@turf%2ftruncate set size:undefined disposed:false
329 silly fetch manifest @turf/interpolate@7.4.0
330 silly packumentCache full:https://registry.npmjs.org/@turf%2finterpolate cache-miss
331 http fetch GET 200 https://registry.npmjs.org/@turf%2fdifference 772ms (cache miss)
332 silly packumentCache full:https://registry.npmjs.org/@turf%2fdifference set size:undefined disposed:false
333 silly fetch manifest @turf/line-offset@7.4.0
334 silly packumentCache full:https://registry.npmjs.org/@turf%2fline-offset cache-miss
335 http fetch GET 200 https://registry.npmjs.org/@turf%2fbbox-clip 803ms (cache miss)
336 silly packumentCache full:https://registry.npmjs.org/@turf%2fbbox-clip set size:undefined disposed:false
337 silly fetch manifest @turf/moran-index@7.4.0
338 silly packumentCache full:https://registry.npmjs.org/@turf%2fmoran-index cache-miss
339 http fetch GET 200 https://registry.npmjs.org/@turf%2fintersect 811ms (cache miss)
340 silly packumentCache full:https://registry.npmjs.org/@turf%2fintersect set size:undefined disposed:false
341 silly fetch manifest @turf/square-grid@7.4.0
342 silly packumentCache full:https://registry.npmjs.org/@turf%2fsquare-grid cache-miss
343 http fetch GET 200 https://registry.npmjs.org/@turf%2fline-slice 802ms (cache miss)
344 silly packumentCache full:https://registry.npmjs.org/@turf%2fline-slice set size:undefined disposed:false
345 silly fetch manifest @turf/bbox-polygon@7.4.0
346 silly packumentCache full:https://registry.npmjs.org/@turf%2fbbox-polygon cache-miss
347 http fetch GET 200 https://registry.npmjs.org/@turf%2fline-chunk 818ms (cache miss)
348 silly packumentCache full:https://registry.npmjs.org/@turf%2fline-chunk set size:undefined disposed:false
349 silly fetch manifest @turf/clean-coords@7.4.0
350 silly packumentCache full:https://registry.npmjs.org/@turf%2fclean-coords cache-miss
351 http fetch GET 200 https://registry.npmjs.org/@turf%2ftesselate 1339ms (cache miss)
352 silly packumentCache full:https://registry.npmjs.org/@turf%2ftesselate set size:undefined disposed:false
353 silly fetch manifest @turf/great-circle@7.4.0
354 silly packumentCache full:https://registry.npmjs.org/@turf%2fgreat-circle cache-miss
355 http fetch GET 200 https://registry.npmjs.org/@turf%2fpoint-grid 763ms (cache miss)
356 silly packumentCache full:https://registry.npmjs.org/@turf%2fpoint-grid set size:undefined disposed:false
357 silly fetch manifest @turf/line-overlap@7.4.0
358 silly packumentCache full:https://registry.npmjs.org/@turf%2fline-overlap cache-miss
359 http fetch GET 200 https://registry.npmjs.org/@turf%2fplanepoint 914ms (cache miss)
360 silly packumentCache full:https://registry.npmjs.org/@turf%2fplanepoint set size:undefined disposed:false
361 silly fetch manifest @turf/line-segment@7.4.0
362 silly packumentCache full:https://registry.npmjs.org/@turf%2fline-segment cache-miss
363 http fetch GET 200 https://registry.npmjs.org/@turf%2fcenter-mean 752ms (cache miss)
364 silly packumentCache full:https://registry.npmjs.org/@turf%2fcenter-mean set size:undefined disposed:false
365 silly fetch manifest @turf/bezier-spline@7.4.0
366 silly packumentCache full:https://registry.npmjs.org/@turf%2fbezier-spline cache-miss
367 http fetch GET 200 https://registry.npmjs.org/@turf%2fprojection 814ms (cache miss)
368 silly packumentCache full:https://registry.npmjs.org/@turf%2fprojection set size:undefined disposed:false
369 silly fetch manifest @turf/boolean-equal@7.4.0
370 silly packumentCache full:https://registry.npmjs.org/@turf%2fboolean-equal cache-miss
371 http fetch GET 200 https://registry.npmjs.org/@turf%2fmoran-index 763ms (cache miss)
372 silly packumentCache full:https://registry.npmjs.org/@turf%2fmoran-index set size:undefined disposed:false
373 silly fetch manifest @turf/boolean-valid@7.4.0
374 silly packumentCache full:https://registry.npmjs.org/@turf%2fboolean-valid cache-miss
375 http fetch GET 200 https://registry.npmjs.org/@turf%2fclean-coords 751ms (cache miss)
376 silly packumentCache full:https://registry.npmjs.org/@turf%2fclean-coords set size:undefined disposed:false
377 silly fetch manifest @turf/center-median@7.4.0
378 silly packumentCache full:https://registry.npmjs.org/@turf%2fcenter-median cache-miss
379 http fetch GET 200 https://registry.npmjs.org/@turf%2fbbox-polygon 762ms (cache miss)
380 silly packumentCache full:https://registry.npmjs.org/@turf%2fbbox-polygon set size:undefined disposed:false
381 silly fetch manifest @turf/geojson-rbush@7.4.0
382 silly packumentCache full:https://registry.npmjs.org/@turf%2fgeojson-rbush cache-miss
383 http fetch GET 200 https://registry.npmjs.org/@turf%2finterpolate 832ms (cache miss)
384 silly packumentCache full:https://registry.npmjs.org/@turf%2finterpolate set size:undefined disposed:false
385 silly fetch manifest @turf/nearest-point@7.4.0
386 silly packumentCache full:https://registry.npmjs.org/@turf%2fnearest-point cache-miss
387 http fetch GET 200 https://registry.npmjs.org/@turf%2fdestination 840ms (cache miss)
388 silly packumentCache full:https://registry.npmjs.org/@turf%2fdestination set size:undefined disposed:false
389 silly fetch manifest @turf/rhumb-bearing@7.4.0
390 silly packumentCache full:https://registry.npmjs.org/@turf%2frhumb-bearing cache-miss
391 http fetch GET 200 https://registry.npmjs.org/@turf%2fline-offset 829ms (cache miss)
392 silly packumentCache full:https://registry.npmjs.org/@turf%2fline-offset set size:undefined disposed:false
393 silly fetch manifest @turf/shortest-path@7.4.0
394 silly packumentCache full:https://registry.npmjs.org/@turf%2fshortest-path cache-miss
395 http fetch GET 200 https://registry.npmjs.org/@turf%2fpolygonize 906ms (cache miss)
396 silly packumentCache full:https://registry.npmjs.org/@turf%2fpolygonize set size:undefined disposed:false
397 silly fetch manifest @turf/triangle-grid@7.4.0
398 silly packumentCache full:https://registry.npmjs.org/@turf%2ftriangle-grid cache-miss
399 http fetch GET 200 https://registry.npmjs.org/@turf%2fsquare-grid 828ms (cache miss)
400 silly packumentCache full:https://registry.npmjs.org/@turf%2fsquare-grid set size:undefined disposed:false
401 silly fetch manifest @turf/boolean-within@7.4.0
402 silly packumentCache full:https://registry.npmjs.org/@turf%2fboolean-within cache-miss
403 http fetch GET 200 https://registry.npmjs.org/@turf%2fline-overlap 845ms (cache miss)
404 silly packumentCache full:https://registry.npmjs.org/@turf%2fline-overlap set size:undefined disposed:false
405 silly fetch manifest @turf/center-of-mass@7.4.0
406 silly packumentCache full:https://registry.npmjs.org/@turf%2fcenter-of-mass cache-miss
407 http fetch GET 200 https://registry.npmjs.org/@turf%2fgreat-circle 928ms (cache miss)
408 silly packumentCache full:https://registry.npmjs.org/@turf%2fgreat-circle set size:undefined disposed:false
409 silly fetch manifest @turf/line-intersect@7.4.0
410 silly packumentCache full:https://registry.npmjs.org/@turf%2fline-intersect cache-miss
411 http fetch GET 200 https://registry.npmjs.org/@turf%2fline-segment 780ms (cache miss)
412 silly packumentCache full:https://registry.npmjs.org/@turf%2fline-segment set size:undefined disposed:false
413 silly fetch manifest @turf/polygon-smooth@7.4.0
414 silly packumentCache full:https://registry.npmjs.org/@turf%2fpolygon-smooth cache-miss
415 http fetch GET 200 https://registry.npmjs.org/@turf%2fbezier-spline 774ms (cache miss)
416 silly packumentCache full:https://registry.npmjs.org/@turf%2fbezier-spline set size:undefined disposed:false
417 silly fetch manifest @turf/rectangle-grid@7.4.0
418 silly packumentCache full:https://registry.npmjs.org/@turf%2frectangle-grid cache-miss
419 http fetch GET 200 https://registry.npmjs.org/@turf%2fboolean-valid 743ms (cache miss)
420 silly packumentCache full:https://registry.npmjs.org/@turf%2fboolean-valid set size:undefined disposed:false
421 silly fetch manifest @turf/rhumb-distance@7.4.0
422 silly packumentCache full:https://registry.npmjs.org/@turf%2frhumb-distance cache-miss
423 http fetch GET 200 https://registry.npmjs.org/@turf%2fcenter-median 760ms (cache miss)
424 silly packumentCache full:https://registry.npmjs.org/@turf%2fcenter-median set size:undefined disposed:false
425 silly fetch manifest @turf/unkink-polygon@7.4.0
426 silly packumentCache full:https://registry.npmjs.org/@turf%2funkink-polygon cache-miss
427 http fetch GET 200 https://registry.npmjs.org/@turf%2fboolean-equal 810ms (cache miss)
428 silly packumentCache full:https://registry.npmjs.org/@turf%2fboolean-equal set size:undefined disposed:false
429 silly fetch manifest @turf/boolean-concave@7.4.0
430 silly packumentCache full:https://registry.npmjs.org/@turf%2fboolean-concave cache-miss
431 http fetch GET 200 https://registry.npmjs.org/@turf%2fnearest-point 757ms (cache miss)
432 silly packumentCache full:https://registry.npmjs.org/@turf%2fnearest-point set size:undefined disposed:false
433 silly fetch manifest @turf/boolean-crosses@7.4.0
434 silly packumentCache full:https://registry.npmjs.org/@turf%2fboolean-crosses cache-miss
435 http fetch GET 200 https://registry.npmjs.org/@turf%2fshortest-path 756ms (cache miss)
436 silly packumentCache full:https://registry.npmjs.org/@turf%2fshortest-path set size:undefined disposed:false
437 silly fetch manifest @turf/boolean-overlap@7.4.0
438 silly packumentCache full:https://registry.npmjs.org/@turf%2fboolean-overlap cache-miss
439 http fetch GET 200 https://registry.npmjs.org/@turf%2frhumb-bearing 794ms (cache miss)
440 silly packumentCache full:https://registry.npmjs.org/@turf%2frhumb-bearing set size:undefined disposed:false
441 silly fetch manifest @turf/boolean-touches@7.4.0
442 silly packumentCache full:https://registry.npmjs.org/@turf%2fboolean-touches cache-miss
443 http fetch GET 200 https://registry.npmjs.org/@turf%2fgeojson-rbush 828ms (cache miss)
444 silly packumentCache full:https://registry.npmjs.org/@turf%2fgeojson-rbush set size:undefined disposed:false
445 silly fetch manifest @turf/clusters-dbscan@7.4.0
446 silly packumentCache full:https://registry.npmjs.org/@turf%2fclusters-dbscan cache-miss
447 http fetch GET 200 https://registry.npmjs.org/@turf%2fboolean-within 807ms (cache miss)
448 silly packumentCache full:https://registry.npmjs.org/@turf%2fboolean-within set size:undefined disposed:false
449 silly fetch manifest @turf/clusters-kmeans@7.4.0
450 silly packumentCache full:https://registry.npmjs.org/@turf%2fclusters-kmeans cache-miss
451 http fetch GET 200 https://registry.npmjs.org/@turf%2ftriangle-grid 828ms (cache miss)
452 silly packumentCache full:https://registry.npmjs.org/@turf%2ftriangle-grid set size:undefined disposed:false
453 silly fetch manifest @turf/distance-weight@7.4.0
454 silly packumentCache full:https://registry.npmjs.org/@turf%2fdistance-weight cache-miss
455 http fetch GET 200 https://registry.npmjs.org/@turf%2fpolygon-smooth 798ms (cache miss)
456 silly packumentCache full:https://registry.npmjs.org/@turf%2fpolygon-smooth set size:undefined disposed:false
457 silly fetch manifest @turf/line-to-polygon@7.4.0
458 silly packumentCache full:https://registry.npmjs.org/@turf%2fline-to-polygon cache-miss
459 http fetch GET 200 https://registry.npmjs.org/@turf%2fcenter-of-mass 817ms (cache miss)
460 silly packumentCache full:https://registry.npmjs.org/@turf%2fcenter-of-mass set size:undefined disposed:false
461 silly fetch manifest @turf/polygon-to-line@7.4.0
462 silly packumentCache full:https://registry.npmjs.org/@turf%2fpolygon-to-line cache-miss
463 http fetch GET 200 https://registry.npmjs.org/@turf%2fline-intersect 832ms (cache miss)
464 silly packumentCache full:https://registry.npmjs.org/@turf%2fline-intersect set size:undefined disposed:false
465 silly fetch manifest @turf/transform-scale@7.4.0
466 silly packumentCache full:https://registry.npmjs.org/@turf%2ftransform-scale cache-miss
467 http fetch GET 200 https://registry.npmjs.org/@turf%2fboolean-concave 811ms (cache miss)
468 silly packumentCache full:https://registry.npmjs.org/@turf%2fboolean-concave set size:undefined disposed:false
469 silly fetch manifest @turf/boolean-contains@7.4.0
470 silly packumentCache full:https://registry.npmjs.org/@turf%2fboolean-contains cache-miss
471 http fetch GET 200 https://registry.npmjs.org/@turf%2fboolean-crosses 810ms (cache miss)
472 silly packumentCache full:https://registry.npmjs.org/@turf%2fboolean-crosses set size:undefined disposed:false
473 silly fetch manifest @turf/boolean-disjoint@7.4.0
474 silly packumentCache full:https://registry.npmjs.org/@turf%2fboolean-disjoint cache-miss
475 http fetch GET 200 https://registry.npmjs.org/@turf%2funkink-polygon 830ms (cache miss)
476 silly packumentCache full:https://registry.npmjs.org/@turf%2funkink-polygon set size:undefined disposed:false
477 silly fetch manifest @turf/boolean-parallel@7.4.0
478 silly packumentCache full:https://registry.npmjs.org/@turf%2fboolean-parallel cache-miss
479 http fetch GET 200 https://registry.npmjs.org/@turf%2fboolean-overlap 847ms (cache miss)
480 silly packumentCache full:https://registry.npmjs.org/@turf%2fboolean-overlap set size:undefined disposed:false
481 silly fetch manifest @turf/directional-mean@7.4.0
482 silly packumentCache full:https://registry.npmjs.org/@turf%2fdirectional-mean cache-miss
483 http fetch GET 200 https://registry.npmjs.org/@turf%2fboolean-touches 823ms (cache miss)
484 silly packumentCache full:https://registry.npmjs.org/@turf%2fboolean-touches set size:undefined disposed:false
485 silly fetch manifest @turf/line-slice-along@7.4.0
486 silly packumentCache full:https://registry.npmjs.org/@turf%2fline-slice-along cache-miss
487 http fetch GET 200 https://registry.npmjs.org/@turf%2fclusters-dbscan 812ms (cache miss)
488 silly packumentCache full:https://registry.npmjs.org/@turf%2fclusters-dbscan set size:undefined disposed:false
489 silly fetch manifest @turf/point-on-feature@7.4.0
490 silly packumentCache full:https://registry.npmjs.org/@turf%2fpoint-on-feature cache-miss
491 http fetch GET 200 https://registry.npmjs.org/@turf%2fclusters-kmeans 797ms (cache miss)
492 silly packumentCache full:https://registry.npmjs.org/@turf%2fclusters-kmeans set size:undefined disposed:false
493 silly fetch manifest @turf/polygon-tangents@7.4.0
494 silly packumentCache full:https://registry.npmjs.org/@turf%2fpolygon-tangents cache-miss
495 http fetch GET 200 https://registry.npmjs.org/@turf%2fdistance-weight 813ms (cache miss)
496 silly packumentCache full:https://registry.npmjs.org/@turf%2fdistance-weight set size:undefined disposed:false
497 silly fetch manifest @turf/quadrat-analysis@7.4.0
498 silly packumentCache full:https://registry.npmjs.org/@turf%2fquadrat-analysis cache-miss
499 http fetch GET 200 https://registry.npmjs.org/@turf%2frectangle-grid 1064ms (cache miss)
500 silly packumentCache full:https://registry.npmjs.org/@turf%2frectangle-grid set size:undefined disposed:false
501 silly fetch manifest @turf/transform-rotate@7.4.0
502 silly packumentCache full:https://registry.npmjs.org/@turf%2ftransform-rotate cache-miss
503 http fetch GET 200 https://registry.npmjs.org/@turf%2frhumb-distance 1290ms (cache miss)
504 silly packumentCache full:https://registry.npmjs.org/@turf%2frhumb-distance set size:undefined disposed:false
505 silly fetch manifest @turf/boolean-clockwise@7.4.0
506 silly packumentCache full:https://registry.npmjs.org/@turf%2fboolean-clockwise cache-miss
507 http fetch GET 200 https://registry.npmjs.org/@turf%2fpolygon-to-line 805ms (cache miss)
508 silly packumentCache full:https://registry.npmjs.org/@turf%2fpolygon-to-line set size:undefined disposed:false
509 silly fetch manifest @turf/rhumb-destination@7.4.0
510 silly packumentCache full:https://registry.npmjs.org/@turf%2frhumb-destination cache-miss
511 http fetch GET 200 https://registry.npmjs.org/@turf%2fline-to-polygon 818ms (cache miss)
512 silly packumentCache full:https://registry.npmjs.org/@turf%2fline-to-polygon set size:undefined disposed:false
513 silly fetch manifest @turf/boolean-intersects@7.4.0
514 silly packumentCache full:https://registry.npmjs.org/@turf%2fboolean-intersects cache-miss
515 http fetch GET 200 https://registry.npmjs.org/@turf%2fboolean-parallel 738ms (cache miss)
516 silly packumentCache full:https://registry.npmjs.org/@turf%2fboolean-parallel set size:undefined disposed:false
517 silly fetch manifest @turf/transform-translate@7.4.0
518 silly packumentCache full:https://registry.npmjs.org/@turf%2ftransform-translate cache-miss
519 http fetch GET 200 https://registry.npmjs.org/@turf%2fboolean-contains 773ms (cache miss)
520 silly packumentCache full:https://registry.npmjs.org/@turf%2fboolean-contains set size:undefined disposed:false
521 silly fetch manifest @turf/boolean-point-on-line@7.4.0
522 silly packumentCache full:https://registry.npmjs.org/@turf%2fboolean-point-on-line cache-miss
523 http fetch GET 200 https://registry.npmjs.org/@turf%2fline-slice-along 739ms (cache miss)
524 silly packumentCache full:https://registry.npmjs.org/@turf%2fline-slice-along set size:undefined disposed:false
525 silly fetch manifest @turf/nearest-point-on-line@7.4.0
526 silly packumentCache full:https://registry.npmjs.org/@turf%2fnearest-point-on-line cache-miss
527 http fetch GET 200 https://registry.npmjs.org/@turf%2ftransform-scale 875ms (cache miss)
528 silly packumentCache full:https://registry.npmjs.org/@turf%2ftransform-scale set size:undefined disposed:false
529 silly fetch manifest @turf/nearest-point-to-line@7.4.0
530 silly packumentCache full:https://registry.npmjs.org/@turf%2fnearest-point-to-line cache-miss
531 http fetch GET 200 https://registry.npmjs.org/@turf%2fdirectional-mean 778ms (cache miss)
532 silly packumentCache full:https://registry.npmjs.org/@turf%2fdirectional-mean set size:undefined disposed:false
533 silly fetch manifest @turf/points-within-polygon@7.4.0
534 silly packumentCache full:https://registry.npmjs.org/@turf%2fpoints-within-polygon cache-miss
535 http fetch GET 200 https://registry.npmjs.org/@turf%2fboolean-disjoint 829ms (cache miss)
536 silly packumentCache full:https://registry.npmjs.org/@turf%2fboolean-disjoint set size:undefined disposed:false
537 silly fetch manifest @turf/point-to-line-distance@7.4.0
538 silly packumentCache full:https://registry.npmjs.org/@turf%2fpoint-to-line-distance cache-miss
539 http fetch GET 200 https://registry.npmjs.org/@turf%2fpoint-on-feature 768ms (cache miss)
540 silly packumentCache full:https://registry.npmjs.org/@turf%2fpoint-on-feature set size:undefined disposed:false
541 silly fetch manifest @turf/boolean-point-in-polygon@7.4.0
542 silly packumentCache full:https://registry.npmjs.org/@turf%2fboolean-point-in-polygon cache-miss
543 http fetch GET 200 https://registry.npmjs.org/@turf%2fpolygon-tangents 763ms (cache miss)
544 silly packumentCache full:https://registry.npmjs.org/@turf%2fpolygon-tangents set size:undefined disposed:false
545 silly fetch manifest @turf/nearest-neighbor-analysis@7.4.0
546 silly packumentCache full:https://registry.npmjs.org/@turf%2fnearest-neighbor-analysis cache-miss
547 http fetch GET 200 https://registry.npmjs.org/@turf%2fquadrat-analysis 802ms (cache miss)
548 silly packumentCache full:https://registry.npmjs.org/@turf%2fquadrat-analysis set size:undefined disposed:false
549 silly fetch manifest @turf/point-to-polygon-distance@7.4.0
550 silly packumentCache full:https://registry.npmjs.org/@turf%2fpoint-to-polygon-distance cache-miss
551 http fetch GET 200 https://registry.npmjs.org/@turf%2ftransform-rotate 748ms (cache miss)
552 silly packumentCache full:https://registry.npmjs.org/@turf%2ftransform-rotate set size:undefined disposed:false
553 silly fetch manifest @turf/standard-deviational-ellipse@7.4.0
554 silly packumentCache full:https://registry.npmjs.org/@turf%2fstandard-deviational-ellipse cache-miss
555 http fetch GET 200 https://registry.npmjs.org/@turf%2fboolean-clockwise 921ms (cache miss)
556 silly packumentCache full:https://registry.npmjs.org/@turf%2fboolean-clockwise set size:undefined disposed:false
557 silly fetch manifest csstype@^3.2.2
558 silly packumentCache full:https://registry.npmjs.org/csstype cache-miss
559 http fetch GET 200 https://registry.npmjs.org/csstype 59ms (cache miss)
560 silly packumentCache full:https://registry.npmjs.org/csstype set size:undefined disposed:false
561 silly fetch manifest @babel/core@^7.28.0
562 silly packumentCache full:https://registry.npmjs.org/@babel%2fcore cache-miss
563 http fetch GET 200 https://registry.npmjs.org/@babel%2fcore 79ms (cache miss)
564 silly packumentCache full:https://registry.npmjs.org/@babel%2fcore set size:undefined disposed:false
565 silly fetch manifest react-refresh@^0.17.0
566 silly packumentCache full:https://registry.npmjs.org/react-refresh cache-miss
567 http fetch GET 200 https://registry.npmjs.org/@turf%2frhumb-destination 782ms (cache miss)
568 silly packumentCache full:https://registry.npmjs.org/@turf%2frhumb-destination set size:undefined disposed:false
569 silly fetch manifest @types/babel__core@^7.20.5
570 silly packumentCache full:https://registry.npmjs.org/@types%2fbabel__core cache-miss
571 http fetch GET 200 https://registry.npmjs.org/@turf%2ftransform-translate 767ms (cache miss)
572 silly packumentCache full:https://registry.npmjs.org/@turf%2ftransform-translate set size:undefined disposed:false
573 silly fetch manifest @rolldown/pluginutils@1.0.0-beta.27
574 silly packumentCache full:https://registry.npmjs.org/@rolldown%2fpluginutils cache-miss
575 http fetch GET 200 https://registry.npmjs.org/@turf%2fboolean-intersects 800ms (cache miss)
576 silly packumentCache full:https://registry.npmjs.org/@turf%2fboolean-intersects set size:undefined disposed:false
577 silly fetch manifest @babel/plugin-transform-react-jsx-self@^7.27.1
578 silly packumentCache full:https://registry.npmjs.org/@babel%2fplugin-transform-react-jsx-self cache-miss
579 http fetch GET 200 https://registry.npmjs.org/@turf%2fnearest-point-on-line 779ms (cache miss)
580 silly packumentCache full:https://registry.npmjs.org/@turf%2fnearest-point-on-line set size:undefined disposed:false
581 silly fetch manifest @babel/plugin-transform-react-jsx-source@^7.27.1
582 silly packumentCache full:https://registry.npmjs.org/@babel%2fplugin-transform-react-jsx-source cache-miss
583 http fetch GET 200 https://registry.npmjs.org/@types%2fbabel__core 76ms (cache miss)
584 silly packumentCache full:https://registry.npmjs.org/@types%2fbabel__core set size:undefined disposed:false
585 silly fetch manifest fdir@^6.4.4
586 silly packumentCache full:https://registry.npmjs.org/fdir cache-miss
587 http fetch GET 200 https://registry.npmjs.org/@turf%2fpoints-within-polygon 778ms (cache miss)
588 silly packumentCache full:https://registry.npmjs.org/@turf%2fpoints-within-polygon set size:undefined disposed:false
589 silly fetch manifest rollup@^4.34.9
590 silly packumentCache full:https://registry.npmjs.org/rollup cache-miss
591 http fetch GET 200 https://registry.npmjs.org/@turf%2fpoint-to-line-distance 780ms (cache miss)
592 silly packumentCache full:https://registry.npmjs.org/@turf%2fpoint-to-line-distance set size:undefined disposed:false
593 silly fetch manifest esbuild@^0.25.0
594 silly packumentCache full:https://registry.npmjs.org/esbuild cache-miss
595 http fetch GET 200 https://registry.npmjs.org/@babel%2fplugin-transform-react-jsx-self 88ms (cache miss)
596 silly packumentCache full:https://registry.npmjs.org/@babel%2fplugin-transform-react-jsx-self set size:undefined disposed:false
597 silly fetch manifest postcss@^8.5.3
598 silly packumentCache full:https://registry.npmjs.org/postcss cache-miss
599 http fetch GET 200 https://registry.npmjs.org/@rolldown%2fpluginutils 110ms (cache miss)
600 silly packumentCache full:https://registry.npmjs.org/@rolldown%2fpluginutils set size:undefined disposed:false
601 silly fetch manifest picomatch@^4.0.2
602 silly packumentCache full:https://registry.npmjs.org/picomatch cache-miss
603 http cache https://registry.npmjs.org/postcss 46ms (cache hit)
604 silly packumentCache full:https://registry.npmjs.org/postcss set size:760024 disposed:false
605 silly fetch manifest tinyglobby@^0.2.13
606 silly packumentCache full:https://registry.npmjs.org/tinyglobby cache-miss
607 http fetch GET 200 https://registry.npmjs.org/@turf%2fnearest-neighbor-analysis 850ms (cache miss)
608 silly packumentCache full:https://registry.npmjs.org/@turf%2fnearest-neighbor-analysis set size:undefined disposed:false
609 silly fetch manifest fsevents@~2.3.3
610 silly packumentCache full:https://registry.npmjs.org/fsevents cache-miss
611 http fetch GET 200 https://registry.npmjs.org/@turf%2fboolean-point-in-polygon 857ms (cache miss)
612 silly packumentCache full:https://registry.npmjs.org/@turf%2fboolean-point-in-polygon set size:undefined disposed:false
613 silly fetch manifest pbf@^4.0.1
614 silly packumentCache full:https://registry.npmjs.org/pbf cache-miss
615 http fetch GET 200 https://registry.npmjs.org/fdir 110ms (cache miss)
616 silly packumentCache full:https://registry.npmjs.org/fdir set size:undefined disposed:false
617 silly fetch manifest earcut@^3.0.2
618 silly packumentCache full:https://registry.npmjs.org/earcut cache-miss
619 http fetch GET 200 https://registry.npmjs.org/@babel%2fplugin-transform-react-jsx-source 133ms (cache miss)
620 silly packumentCache full:https://registry.npmjs.org/@babel%2fplugin-transform-react-jsx-source set size:undefined disposed:false
621 silly fetch manifest kdbush@^4.0.2
622 silly packumentCache full:https://registry.npmjs.org/kdbush cache-miss
623 http fetch GET 200 https://registry.npmjs.org/@turf%2fnearest-point-to-line 904ms (cache miss)
624 silly packumentCache full:https://registry.npmjs.org/@turf%2fnearest-point-to-line set size:undefined disposed:false
625 silly fetch manifest potpack@^2.1.0
626 silly packumentCache full:https://registry.npmjs.org/potpack cache-miss
627 http fetch GET 200 https://registry.npmjs.org/@turf%2fboolean-point-on-line 957ms (cache miss)
628 silly packumentCache full:https://registry.npmjs.org/@turf%2fboolean-point-on-line set size:undefined disposed:false
629 silly fetch manifest gl-matrix@^3.4.4
630 silly packumentCache full:https://registry.npmjs.org/gl-matrix cache-miss
631 http fetch GET 200 https://registry.npmjs.org/picomatch 107ms (cache miss)
632 silly packumentCache full:https://registry.npmjs.org/picomatch set size:undefined disposed:false
633 silly fetch manifest tinyqueue@^3.0.0
634 silly packumentCache full:https://registry.npmjs.org/tinyqueue cache-miss
635 http fetch GET 200 https://registry.npmjs.org/tinyglobby 67ms (cache miss)
636 silly packumentCache full:https://registry.npmjs.org/tinyglobby set size:undefined disposed:false
637 silly fetch manifest quickselect@^3.0.0
638 silly packumentCache full:https://registry.npmjs.org/quickselect cache-miss
639 http fetch GET 200 https://registry.npmjs.org/fsevents 65ms (cache miss)
640 silly packumentCache full:https://registry.npmjs.org/fsevents set size:undefined disposed:false
641 silly fetch manifest @maplibre/mlt@^1.1.8
642 silly packumentCache full:https://registry.npmjs.org/@maplibre%2fmlt cache-miss
643 http fetch GET 200 https://registry.npmjs.org/@turf%2fpoint-to-polygon-distance 860ms (cache miss)
644 silly packumentCache full:https://registry.npmjs.org/@turf%2fpoint-to-polygon-distance set size:undefined disposed:false
645 silly fetch manifest murmurhash-js@^1.0.0
646 silly packumentCache full:https://registry.npmjs.org/murmurhash-js cache-miss
647 http fetch GET 200 https://registry.npmjs.org/@turf%2fstandard-deviational-ellipse 832ms (cache miss)
648 silly packumentCache full:https://registry.npmjs.org/@turf%2fstandard-deviational-ellipse set size:undefined disposed:false
649 silly fetch manifest @types/geojson@^7946.0.16
650 silly packumentCache full:https://registry.npmjs.org/@types%2fgeojson cache-miss
651 http cache https://registry.npmjs.org/@types%2fgeojson 11ms (cache hit)
652 silly packumentCache full:https://registry.npmjs.org/@types%2fgeojson set size:66640 disposed:false
653 silly fetch manifest @mapbox/tiny-sdf@^2.1.0
654 silly packumentCache full:https://registry.npmjs.org/@mapbox%2ftiny-sdf cache-miss
655 http fetch GET 200 https://registry.npmjs.org/esbuild 168ms (cache miss)
656 silly packumentCache full:https://registry.npmjs.org/esbuild set size:undefined disposed:false
657 silly fetch manifest @maplibre/vt-pbf@^4.3.0
658 silly packumentCache full:https://registry.npmjs.org/@maplibre%2fvt-pbf cache-miss
659 http fetch GET 200 https://registry.npmjs.org/react-refresh 340ms (cache miss)
660 silly packumentCache full:https://registry.npmjs.org/react-refresh set size:undefined disposed:false
661 silly fetch manifest @mapbox/whoots-js@^3.1.0
662 silly packumentCache full:https://registry.npmjs.org/@mapbox%2fwhoots-js cache-miss
663 http fetch GET 200 https://registry.npmjs.org/rollup 267ms (cache miss)
664 silly packumentCache full:https://registry.npmjs.org/rollup set size:undefined disposed:false
665 silly fetch manifest @mapbox/unitbezier@^0.0.1
666 silly packumentCache full:https://registry.npmjs.org/@mapbox%2funitbezier cache-miss
667 http fetch GET 200 https://registry.npmjs.org/pbf 290ms (cache miss)
668 silly packumentCache full:https://registry.npmjs.org/pbf set size:undefined disposed:false
669 silly fetch manifest @mapbox/vector-tile@^2.0.4
670 silly packumentCache full:https://registry.npmjs.org/@mapbox%2fvector-tile cache-miss
671 http fetch GET 200 https://registry.npmjs.org/earcut 292ms (cache miss)
672 silly packumentCache full:https://registry.npmjs.org/earcut set size:undefined disposed:false
673 silly fetch manifest @maplibre/geojson-vt@^6.1.0
674 silly packumentCache full:https://registry.npmjs.org/@maplibre%2fgeojson-vt cache-miss
675 http fetch GET 200 https://registry.npmjs.org/kdbush 290ms (cache miss)
676 silly packumentCache full:https://registry.npmjs.org/kdbush set size:undefined disposed:false
677 silly fetch manifest @mapbox/point-geometry@^1.1.0
678 silly packumentCache full:https://registry.npmjs.org/@mapbox%2fpoint-geometry cache-miss
679 http fetch GET 200 https://registry.npmjs.org/potpack 284ms (cache miss)
680 silly packumentCache full:https://registry.npmjs.org/potpack set size:undefined disposed:false
681 silly fetch manifest @maplibre/maplibre-gl-style-spec@^24.8.1
682 silly packumentCache full:https://registry.npmjs.org/@maplibre%2fmaplibre-gl-style-spec cache-miss
683 http fetch GET 200 https://registry.npmjs.org/quickselect 267ms (cache miss)
684 silly packumentCache full:https://registry.npmjs.org/quickselect set size:undefined disposed:false
685 silly fetch manifest @mapbox/jsonlint-lines-primitives@^2.0.2
686 silly packumentCache full:https://registry.npmjs.org/@mapbox%2fjsonlint-lines-primitives cache-miss
687 http fetch GET 200 https://registry.npmjs.org/gl-matrix 290ms (cache miss)
688 silly packumentCache full:https://registry.npmjs.org/gl-matrix set size:undefined disposed:false
689 silly fetch manifest fflate@^0.8.2
690 silly packumentCache full:https://registry.npmjs.org/fflate cache-miss
691 http fetch GET 200 https://registry.npmjs.org/tinyqueue 286ms (cache miss)
692 silly packumentCache full:https://registry.npmjs.org/tinyqueue set size:undefined disposed:false
693 silly fetch manifest scheduler@^0.27.0
694 silly packumentCache full:https://registry.npmjs.org/scheduler cache-miss
695 http fetch GET 200 https://registry.npmjs.org/murmurhash-js 280ms (cache miss)
696 silly packumentCache full:https://registry.npmjs.org/murmurhash-js set size:undefined disposed:false
697 http fetch GET 200 https://registry.npmjs.org/fflate 36ms (cache miss)
698 silly packumentCache full:https://registry.npmjs.org/fflate set size:undefined disposed:false
699 http fetch GET 200 https://registry.npmjs.org/scheduler 167ms (cache miss)
700 silly packumentCache full:https://registry.npmjs.org/scheduler set size:undefined disposed:false
701 http fetch GET 200 https://registry.npmjs.org/@maplibre%2fvt-pbf 785ms (cache miss)
702 silly packumentCache full:https://registry.npmjs.org/@maplibre%2fvt-pbf set size:undefined disposed:false
703 http fetch GET 200 https://registry.npmjs.org/@mapbox%2ftiny-sdf 799ms (cache miss)
704 silly packumentCache full:https://registry.npmjs.org/@mapbox%2ftiny-sdf set size:undefined disposed:false
705 http fetch GET 200 https://registry.npmjs.org/@maplibre%2fmlt 823ms (cache miss)
706 silly packumentCache full:https://registry.npmjs.org/@maplibre%2fmlt set size:undefined disposed:false
707 http fetch GET 200 https://registry.npmjs.org/@mapbox%2funitbezier 726ms (cache miss)
708 silly packumentCache full:https://registry.npmjs.org/@mapbox%2funitbezier set size:undefined disposed:false
709 http fetch GET 200 https://registry.npmjs.org/@mapbox%2fwhoots-js 801ms (cache miss)
710 silly packumentCache full:https://registry.npmjs.org/@mapbox%2fwhoots-js set size:undefined disposed:false
711 http fetch GET 200 https://registry.npmjs.org/@mapbox%2fvector-tile 750ms (cache miss)
712 silly packumentCache full:https://registry.npmjs.org/@mapbox%2fvector-tile set size:undefined disposed:false
713 http fetch GET 200 https://registry.npmjs.org/@mapbox%2fjsonlint-lines-primitives 726ms (cache miss)
714 silly packumentCache full:https://registry.npmjs.org/@mapbox%2fjsonlint-lines-primitives set size:undefined disposed:false
715 http fetch GET 200 https://registry.npmjs.org/@maplibre%2fgeojson-vt 812ms (cache miss)
716 silly packumentCache full:https://registry.npmjs.org/@maplibre%2fgeojson-vt set size:undefined disposed:false
717 http fetch GET 200 https://registry.npmjs.org/@mapbox%2fpoint-geometry 805ms (cache miss)
718 silly packumentCache full:https://registry.npmjs.org/@mapbox%2fpoint-geometry set size:undefined disposed:false
719 http fetch GET 200 https://registry.npmjs.org/@maplibre%2fmaplibre-gl-style-spec 902ms (cache miss)
720 silly packumentCache full:https://registry.npmjs.org/@maplibre%2fmaplibre-gl-style-spec set size:undefined disposed:false
721 silly placeDep ROOT @turf/along@7.4.0 OK for: @turf/turf@7.4.0 want: 7.4.0
722 silly placeDep ROOT @turf/angle@7.4.0 OK for: @turf/turf@7.4.0 want: 7.4.0
723 silly placeDep ROOT @turf/area@7.4.0 OK for: @turf/turf@7.4.0 want: 7.4.0
724 silly placeDep ROOT @turf/bbox@7.4.0 OK for: @turf/turf@7.4.0 want: 7.4.0
725 silly placeDep ROOT @turf/bbox-clip@7.4.0 OK for: @turf/turf@7.4.0 want: 7.4.0
726 silly placeDep ROOT @turf/bbox-polygon@7.4.0 OK for: @turf/turf@7.4.0 want: 7.4.0
727 silly placeDep ROOT @turf/bearing@7.4.0 OK for: @turf/turf@7.4.0 want: 7.4.0
728 silly placeDep ROOT @turf/bezier-spline@7.4.0 OK for: @turf/turf@7.4.0 want: 7.4.0
729 silly placeDep ROOT @turf/boolean-clockwise@7.4.0 OK for: @turf/turf@7.4.0 want: 7.4.0
730 silly placeDep ROOT @turf/boolean-concave@7.4.0 OK for: @turf/turf@7.4.0 want: 7.4.0
731 silly placeDep ROOT @turf/boolean-contains@7.4.0 OK for: @turf/turf@7.4.0 want: 7.4.0
732 silly placeDep ROOT @turf/boolean-crosses@7.4.0 OK for: @turf/turf@7.4.0 want: 7.4.0
733 silly placeDep ROOT @turf/boolean-disjoint@7.4.0 OK for: @turf/turf@7.4.0 want: 7.4.0
734 silly placeDep ROOT @turf/boolean-equal@7.4.0 OK for: @turf/turf@7.4.0 want: 7.4.0
735 silly placeDep ROOT @turf/boolean-intersects@7.4.0 OK for: @turf/turf@7.4.0 want: 7.4.0
736 silly placeDep ROOT @turf/boolean-overlap@7.4.0 OK for: @turf/turf@7.4.0 want: 7.4.0
737 silly placeDep ROOT @turf/boolean-parallel@7.4.0 OK for: @turf/turf@7.4.0 want: 7.4.0
738 silly placeDep ROOT @turf/boolean-point-in-polygon@7.4.0 OK for: @turf/turf@7.4.0 want: 7.4.0
739 silly placeDep ROOT @turf/boolean-point-on-line@7.4.0 OK for: @turf/turf@7.4.0 want: 7.4.0
740 silly placeDep ROOT @turf/boolean-touches@7.4.0 OK for: @turf/turf@7.4.0 want: 7.4.0
741 silly placeDep ROOT @turf/boolean-valid@7.4.0 OK for: @turf/turf@7.4.0 want: 7.4.0
742 silly placeDep ROOT @turf/boolean-within@7.4.0 OK for: @turf/turf@7.4.0 want: 7.4.0
743 silly placeDep ROOT @turf/buffer@7.4.0 OK for: @turf/turf@7.4.0 want: 7.4.0
744 silly placeDep ROOT @turf/center@7.4.0 OK for: @turf/turf@7.4.0 want: 7.4.0
745 silly placeDep ROOT @turf/center-mean@7.4.0 OK for: @turf/turf@7.4.0 want: 7.4.0
746 silly placeDep ROOT @turf/center-median@7.4.0 OK for: @turf/turf@7.4.0 want: 7.4.0
747 silly placeDep ROOT @turf/center-of-mass@7.4.0 OK for: @turf/turf@7.4.0 want: 7.4.0
748 silly placeDep ROOT @turf/centroid@7.4.0 OK for: @turf/turf@7.4.0 want: 7.4.0
749 silly placeDep ROOT @turf/circle@7.4.0 OK for: @turf/turf@7.4.0 want: 7.4.0
750 silly placeDep ROOT @turf/clean-coords@7.4.0 OK for: @turf/turf@7.4.0 want: 7.4.0
751 silly placeDep ROOT @turf/clone@7.4.0 OK for: @turf/turf@7.4.0 want: 7.4.0
752 silly placeDep ROOT @turf/clusters@7.4.0 OK for: @turf/turf@7.4.0 want: 7.4.0
753 silly placeDep ROOT @turf/clusters-dbscan@7.4.0 OK for: @turf/turf@7.4.0 want: 7.4.0
754 silly placeDep ROOT @turf/clusters-kmeans@7.4.0 OK for: @turf/turf@7.4.0 want: 7.4.0
755 silly placeDep ROOT @turf/collect@7.4.0 OK for: @turf/turf@7.4.0 want: 7.4.0
756 silly placeDep ROOT @turf/combine@7.4.0 OK for: @turf/turf@7.4.0 want: 7.4.0
757 silly placeDep ROOT @turf/concave@7.4.0 OK for: @turf/turf@7.4.0 want: 7.4.0
758 silly placeDep ROOT @turf/convex@7.4.0 OK for: @turf/turf@7.4.0 want: 7.4.0
759 silly placeDep ROOT @turf/destination@7.4.0 OK for: @turf/turf@7.4.0 want: 7.4.0
760 silly placeDep ROOT @turf/difference@7.4.0 OK for: @turf/turf@7.4.0 want: 7.4.0
761 silly placeDep ROOT @turf/directional-mean@7.4.0 OK for: @turf/turf@7.4.0 want: 7.4.0
762 silly placeDep ROOT @turf/dissolve@7.4.0 OK for: @turf/turf@7.4.0 want: 7.4.0
763 silly placeDep ROOT @turf/distance@7.4.0 OK for: @turf/turf@7.4.0 want: 7.4.0
764 silly placeDep ROOT @turf/distance-weight@7.4.0 OK for: @turf/turf@7.4.0 want: 7.4.0
765 silly placeDep ROOT @turf/ellipse@7.4.0 OK for: @turf/turf@7.4.0 want: 7.4.0
766 silly placeDep ROOT @turf/envelope@7.4.0 OK for: @turf/turf@7.4.0 want: 7.4.0
767 silly placeDep ROOT @turf/explode@7.4.0 OK for: @turf/turf@7.4.0 want: 7.4.0
768 silly placeDep ROOT @turf/flatten@7.4.0 OK for: @turf/turf@7.4.0 want: 7.4.0
769 silly placeDep ROOT @turf/flip@7.4.0 OK for: @turf/turf@7.4.0 want: 7.4.0
770 silly placeDep ROOT @turf/geojson-rbush@7.4.0 OK for: @turf/turf@7.4.0 want: 7.4.0
771 silly placeDep ROOT @turf/great-circle@7.4.0 OK for: @turf/turf@7.4.0 want: 7.4.0
772 silly placeDep ROOT @turf/helpers@7.4.0 OK for: @turf/turf@7.4.0 want: 7.4.0
773 silly placeDep ROOT @turf/hex-grid@7.4.0 OK for: @turf/turf@7.4.0 want: 7.4.0
774 silly placeDep ROOT @turf/interpolate@7.4.0 OK for: @turf/turf@7.4.0 want: 7.4.0
775 silly placeDep ROOT @turf/intersect@7.4.0 OK for: @turf/turf@7.4.0 want: 7.4.0
776 silly placeDep ROOT @turf/invariant@7.4.0 OK for: @turf/turf@7.4.0 want: 7.4.0
777 silly placeDep ROOT @turf/isobands@7.4.0 OK for: @turf/turf@7.4.0 want: 7.4.0
778 silly placeDep ROOT @turf/isolines@7.4.0 OK for: @turf/turf@7.4.0 want: 7.4.0
779 silly placeDep ROOT @turf/kinks@7.4.0 OK for: @turf/turf@7.4.0 want: 7.4.0
780 silly placeDep ROOT @turf/length@7.4.0 OK for: @turf/turf@7.4.0 want: 7.4.0
781 silly placeDep ROOT @turf/line-arc@7.4.0 OK for: @turf/turf@7.4.0 want: 7.4.0
782 silly placeDep ROOT @turf/line-chunk@7.4.0 OK for: @turf/turf@7.4.0 want: 7.4.0
783 silly placeDep ROOT @turf/line-intersect@7.4.0 OK for: @turf/turf@7.4.0 want: 7.4.0
784 silly placeDep ROOT @turf/line-offset@7.4.0 OK for: @turf/turf@7.4.0 want: 7.4.0
785 silly placeDep ROOT @turf/line-overlap@7.4.0 OK for: @turf/turf@7.4.0 want: 7.4.0
786 silly placeDep ROOT @turf/line-segment@7.4.0 OK for: @turf/turf@7.4.0 want: 7.4.0
787 silly placeDep ROOT @turf/line-slice@7.4.0 OK for: @turf/turf@7.4.0 want: 7.4.0
788 silly placeDep ROOT @turf/line-slice-along@7.4.0 OK for: @turf/turf@7.4.0 want: 7.4.0
789 silly placeDep ROOT @turf/line-split@7.4.0 OK for: @turf/turf@7.4.0 want: 7.4.0
790 silly placeDep ROOT @turf/line-to-polygon@7.4.0 OK for: @turf/turf@7.4.0 want: 7.4.0
791 silly placeDep ROOT @turf/mask@7.4.0 OK for: @turf/turf@7.4.0 want: 7.4.0
792 silly placeDep ROOT @turf/meta@7.4.0 OK for: @turf/turf@7.4.0 want: 7.4.0
793 silly placeDep ROOT @turf/midpoint@7.4.0 OK for: @turf/turf@7.4.0 want: 7.4.0
794 silly placeDep ROOT @turf/moran-index@7.4.0 OK for: @turf/turf@7.4.0 want: 7.4.0
795 silly placeDep ROOT @turf/nearest-neighbor-analysis@7.4.0 OK for: @turf/turf@7.4.0 want: 7.4.0
796 silly placeDep ROOT @turf/nearest-point@7.4.0 OK for: @turf/turf@7.4.0 want: 7.4.0
797 silly placeDep ROOT @turf/nearest-point-on-line@7.4.0 OK for: @turf/turf@7.4.0 want: 7.4.0
798 silly placeDep ROOT @turf/nearest-point-to-line@7.4.0 OK for: @turf/turf@7.4.0 want: 7.4.0
799 silly placeDep ROOT @turf/planepoint@7.4.0 OK for: @turf/turf@7.4.0 want: 7.4.0
800 silly placeDep ROOT @turf/point-grid@7.4.0 OK for: @turf/turf@7.4.0 want: 7.4.0
801 silly placeDep ROOT @turf/point-on-feature@7.4.0 OK for: @turf/turf@7.4.0 want: 7.4.0
802 silly placeDep ROOT @turf/point-to-line-distance@7.4.0 OK for: @turf/turf@7.4.0 want: 7.4.0
803 silly placeDep ROOT @turf/point-to-polygon-distance@7.4.0 OK for: @turf/turf@7.4.0 want: 7.4.0
804 silly placeDep ROOT @turf/points-within-polygon@7.4.0 OK for: @turf/turf@7.4.0 want: 7.4.0
805 silly placeDep ROOT @turf/polygon-smooth@7.4.0 OK for: @turf/turf@7.4.0 want: 7.4.0
806 silly placeDep ROOT @turf/polygon-tangents@7.4.0 OK for: @turf/turf@7.4.0 want: 7.4.0
807 silly placeDep ROOT @turf/polygon-to-line@7.4.0 OK for: @turf/turf@7.4.0 want: 7.4.0
808 silly placeDep ROOT @turf/polygonize@7.4.0 OK for: @turf/turf@7.4.0 want: 7.4.0
809 silly placeDep ROOT @turf/projection@7.4.0 OK for: @turf/turf@7.4.0 want: 7.4.0
810 silly placeDep ROOT @turf/quadrat-analysis@7.4.0 OK for: @turf/turf@7.4.0 want: 7.4.0
811 silly placeDep ROOT @turf/random@7.4.0 OK for: @turf/turf@7.4.0 want: 7.4.0
812 silly placeDep ROOT @turf/rectangle-grid@7.4.0 OK for: @turf/turf@7.4.0 want: 7.4.0
813 silly placeDep ROOT @turf/rewind@7.4.0 OK for: @turf/turf@7.4.0 want: 7.4.0
814 silly placeDep ROOT @turf/rhumb-bearing@7.4.0 OK for: @turf/turf@7.4.0 want: 7.4.0
815 silly placeDep ROOT @turf/rhumb-destination@7.4.0 OK for: @turf/turf@7.4.0 want: 7.4.0
816 silly placeDep ROOT @turf/rhumb-distance@7.4.0 OK for: @turf/turf@7.4.0 want: 7.4.0
817 silly placeDep ROOT @turf/sample@7.4.0 OK for: @turf/turf@7.4.0 want: 7.4.0
818 silly placeDep ROOT @turf/sector@7.4.0 OK for: @turf/turf@7.4.0 want: 7.4.0
819 silly placeDep ROOT @turf/shortest-path@7.4.0 OK for: @turf/turf@7.4.0 want: 7.4.0
820 silly placeDep ROOT @turf/simplify@7.4.0 OK for: @turf/turf@7.4.0 want: 7.4.0
821 silly placeDep ROOT @turf/square@7.4.0 OK for: @turf/turf@7.4.0 want: 7.4.0
822 silly placeDep ROOT @turf/square-grid@7.4.0 OK for: @turf/turf@7.4.0 want: 7.4.0
823 silly placeDep ROOT @turf/standard-deviational-ellipse@7.4.0 OK for: @turf/turf@7.4.0 want: 7.4.0
824 silly placeDep ROOT @turf/tag@7.4.0 OK for: @turf/turf@7.4.0 want: 7.4.0
825 silly placeDep ROOT @turf/tesselate@7.4.0 OK for: @turf/turf@7.4.0 want: 7.4.0
826 silly placeDep ROOT @turf/tin@7.4.0 OK for: @turf/turf@7.4.0 want: 7.4.0
827 silly placeDep ROOT @turf/transform-rotate@7.4.0 OK for: @turf/turf@7.4.0 want: 7.4.0
828 silly placeDep ROOT @turf/transform-scale@7.4.0 OK for: @turf/turf@7.4.0 want: 7.4.0
829 silly placeDep ROOT @turf/transform-translate@7.4.0 OK for: @turf/turf@7.4.0 want: 7.4.0
830 silly placeDep ROOT @turf/triangle-grid@7.4.0 OK for: @turf/turf@7.4.0 want: 7.4.0
831 silly placeDep ROOT @turf/truncate@7.4.0 OK for: @turf/turf@7.4.0 want: 7.4.0
832 silly placeDep ROOT @turf/union@7.4.0 OK for: @turf/turf@7.4.0 want: 7.4.0
833 silly placeDep ROOT @turf/unkink-polygon@7.4.0 OK for: @turf/turf@7.4.0 want: 7.4.0
834 silly placeDep ROOT @turf/voronoi@7.4.0 OK for: @turf/turf@7.4.0 want: 7.4.0
835 silly placeDep ROOT @types/geojson@7946.0.16 OK for: @turf/turf@7.4.0 want: ^7946.0.10
836 silly placeDep ROOT @types/kdbush@3.0.5 OK for: @turf/turf@7.4.0 want: ^3.0.5
837 silly placeDep ROOT tslib@2.8.1 OK for: @turf/turf@7.4.0 want: ^2.8.1
838 silly fetch manifest geojson-equality-ts@^1.0.2
839 silly packumentCache full:https://registry.npmjs.org/geojson-equality-ts cache-miss
840 silly fetch manifest geojson-equality-ts@^1.0.2
841 silly packumentCache full:https://registry.npmjs.org/geojson-equality-ts cache-miss
842 silly fetch manifest point-in-polygon-hao@^1.1.0
843 silly packumentCache full:https://registry.npmjs.org/point-in-polygon-hao cache-miss
844 silly fetch manifest geojson-polygon-self-intersections@^1.2.1
845 silly packumentCache full:https://registry.npmjs.org/geojson-polygon-self-intersections cache-miss
846 silly fetch manifest d3-geo@^2.0.2
847 silly packumentCache full:https://registry.npmjs.org/d3-geo cache-miss
848 silly fetch manifest @turf/jsts@^2.7.1
849 silly packumentCache full:https://registry.npmjs.org/@turf%2fjsts cache-miss
850 silly fetch manifest rbush@^3.0.1
851 silly packumentCache full:https://registry.npmjs.org/rbush cache-miss
852 silly fetch manifest skmeans@0.9.7
853 silly packumentCache full:https://registry.npmjs.org/skmeans cache-miss
854 silly fetch manifest rbush@^3.0.1
855 silly packumentCache full:https://registry.npmjs.org/rbush cache-miss
856 silly fetch manifest topojson-client@3.x
857 silly packumentCache full:https://registry.npmjs.org/topojson-client cache-miss
858 silly fetch manifest topojson-server@3.x
859 silly packumentCache full:https://registry.npmjs.org/topojson-server cache-miss
860 silly fetch manifest concaveman@^1.2.1
861 silly packumentCache full:https://registry.npmjs.org/concaveman cache-miss
862 silly fetch manifest polyclip-ts@^0.16.8
863 silly packumentCache full:https://registry.npmjs.org/polyclip-ts cache-miss
864 http fetch GET 200 https://registry.npmjs.org/point-in-polygon-hao 422ms (cache miss)
865 silly packumentCache full:https://registry.npmjs.org/point-in-polygon-hao set size:undefined disposed:false
866 silly fetch manifest polyclip-ts@^0.16.8
867 silly packumentCache full:https://registry.npmjs.org/polyclip-ts cache-miss
868 http fetch GET 200 https://registry.npmjs.org/rbush 423ms (cache miss)
869 silly packumentCache full:https://registry.npmjs.org/rbush set size:undefined disposed:false
870 silly fetch manifest arc@^0.2.0
871 silly packumentCache full:https://registry.npmjs.org/arc cache-miss
872 http fetch GET 200 https://registry.npmjs.org/geojson-polygon-self-intersections 433ms (cache miss)
873 silly packumentCache full:https://registry.npmjs.org/geojson-polygon-self-intersections set size:undefined disposed:false
874 silly fetch manifest polyclip-ts@^0.16.8
875 silly packumentCache full:https://registry.npmjs.org/polyclip-ts cache-miss
876 http fetch GET 200 https://registry.npmjs.org/geojson-equality-ts 438ms (cache miss)
877 silly packumentCache full:https://registry.npmjs.org/geojson-equality-ts set size:undefined disposed:false
878 silly fetch manifest tinyqueue@^2.0.3
879 silly packumentCache full:https://registry.npmjs.org/tinyqueue cache-miss
880 http fetch GET 200 https://registry.npmjs.org/polyclip-ts 435ms (cache miss)
881 silly packumentCache full:https://registry.npmjs.org/polyclip-ts set size:undefined disposed:false
882 silly fetch manifest robust-predicates@^2.0.4
883 silly packumentCache full:https://registry.npmjs.org/robust-predicates cache-miss
884 http fetch GET 200 https://registry.npmjs.org/rbush 450ms (cache miss)
885 silly packumentCache full:https://registry.npmjs.org/rbush set size:undefined disposed:false
886 silly fetch manifest fast-deep-equal@^3.1.3
887 silly packumentCache full:https://registry.npmjs.org/fast-deep-equal cache-miss
888 http fetch GET 200 https://registry.npmjs.org/geojson-equality-ts 463ms (cache miss)
889 silly packumentCache full:https://registry.npmjs.org/geojson-equality-ts set size:undefined disposed:false
890 silly fetch manifest earcut@^2.2.4
891 silly packumentCache full:https://registry.npmjs.org/earcut cache-miss
892 http fetch GET 200 https://registry.npmjs.org/concaveman 467ms (cache miss)
893 silly packumentCache full:https://registry.npmjs.org/concaveman set size:undefined disposed:false
894 silly fetch manifest @types/earcut@^2.1.4
895 silly packumentCache full:https://registry.npmjs.org/@types%2fearcut cache-miss
896 http fetch GET 200 https://registry.npmjs.org/topojson-client 470ms (cache miss)
897 silly packumentCache full:https://registry.npmjs.org/topojson-client set size:undefined disposed:false
898 silly fetch manifest d3-voronoi@1.1.2
899 silly packumentCache full:https://registry.npmjs.org/d3-voronoi cache-miss
900 http fetch GET 200 https://registry.npmjs.org/skmeans 481ms (cache miss)
901 silly packumentCache full:https://registry.npmjs.org/skmeans set size:undefined disposed:false
902 silly fetch manifest @types/d3-voronoi@^1.1.12
903 silly packumentCache full:https://registry.npmjs.org/@types%2fd3-voronoi cache-miss
904 http fetch GET 200 https://registry.npmjs.org/d3-geo 503ms (cache miss)
905 silly packumentCache full:https://registry.npmjs.org/d3-geo set size:undefined disposed:false
906 http cache https://registry.npmjs.org/polyclip-ts 85ms (cache hit)
907 silly packumentCache full:https://registry.npmjs.org/polyclip-ts set size:33634 disposed:false
908 http cache https://registry.npmjs.org/tinyqueue 71ms (cache hit)
909 silly packumentCache full:https://registry.npmjs.org/tinyqueue set size:25247 disposed:false
910 http cache https://registry.npmjs.org/polyclip-ts 78ms (cache hit)
911 silly packumentCache full:https://registry.npmjs.org/polyclip-ts set size:33634 disposed:false
912 silly packumentCache full:https://registry.npmjs.org/polyclip-ts dispose
913 http cache https://registry.npmjs.org/earcut 42ms (cache hit)
914 silly packumentCache full:https://registry.npmjs.org/earcut set size:181335 disposed:false
915 http fetch GET 200 https://registry.npmjs.org/robust-predicates 75ms (cache miss)
916 silly packumentCache full:https://registry.npmjs.org/robust-predicates set size:undefined disposed:false
917 http fetch GET 200 https://registry.npmjs.org/fast-deep-equal 66ms (cache miss)
918 silly packumentCache full:https://registry.npmjs.org/fast-deep-equal set size:undefined disposed:false
919 http fetch GET 200 https://registry.npmjs.org/arc 351ms (cache miss)
920 silly packumentCache full:https://registry.npmjs.org/arc set size:undefined disposed:false
921 http fetch GET 200 https://registry.npmjs.org/d3-voronoi 306ms (cache miss)
922 silly packumentCache full:https://registry.npmjs.org/d3-voronoi set size:undefined disposed:false
923 http fetch GET 200 https://registry.npmjs.org/topojson-server 783ms (cache miss)
924 silly packumentCache full:https://registry.npmjs.org/topojson-server set size:undefined disposed:false
925 http fetch GET 200 https://registry.npmjs.org/@turf%2fjsts 790ms (cache miss)
926 silly packumentCache full:https://registry.npmjs.org/@turf%2fjsts set size:undefined disposed:false
927 http fetch GET 200 https://registry.npmjs.org/@types%2fearcut 609ms (cache miss)
928 silly packumentCache full:https://registry.npmjs.org/@types%2fearcut set size:undefined disposed:false
929 http fetch GET 200 https://registry.npmjs.org/@types%2fd3-voronoi 598ms (cache miss)
930 silly packumentCache full:https://registry.npmjs.org/@types%2fd3-voronoi set size:undefined disposed:false
931 silly placeDep ROOT geojson-equality-ts@1.0.2 OK for: @turf/boolean-equal@7.4.0 want: ^1.0.2
932 silly placeDep ROOT point-in-polygon-hao@1.2.4 OK for: @turf/boolean-point-in-polygon@7.4.0 want: ^1.1.0
933 silly fetch manifest robust-predicates@^3.0.2
934 silly packumentCache full:https://registry.npmjs.org/robust-predicates cache-miss
935 http cache https://registry.npmjs.org/robust-predicates 12ms (cache hit)
936 silly packumentCache full:https://registry.npmjs.org/robust-predicates set size:42172 disposed:false
937 silly placeDep ROOT geojson-polygon-self-intersections@1.2.2 OK for: @turf/boolean-valid@7.4.0 want: ^1.2.1
938 silly fetch manifest rbush@^2.0.1
939 silly packumentCache full:https://registry.npmjs.org/rbush cache-miss
940 http cache https://registry.npmjs.org/rbush 13ms (cache hit)
941 silly packumentCache full:https://registry.npmjs.org/rbush set size:56278 disposed:false
942 silly placeDep ROOT @turf/jsts@2.7.2 OK for: @turf/buffer@7.4.0 want: ^2.7.1
943 silly placeDep ROOT d3-geo@2.0.2 OK for: @turf/buffer@7.4.0 want: ^2.0.2
944 silly fetch manifest jsts@2.7.1
945 silly packumentCache full:https://registry.npmjs.org/jsts cache-miss
946 silly fetch manifest d3-array@^2.5.0
947 silly packumentCache full:https://registry.npmjs.org/d3-array cache-miss
948 http fetch GET 200 https://registry.npmjs.org/jsts 291ms (cache miss)
949 silly packumentCache full:https://registry.npmjs.org/jsts set size:undefined disposed:false
950 http fetch GET 200 https://registry.npmjs.org/d3-array 295ms (cache miss)
951 silly packumentCache full:https://registry.npmjs.org/d3-array set size:undefined disposed:false
952 silly placeDep ROOT rbush@3.0.1 OK for: @turf/clusters-dbscan@7.4.0 want: ^3.0.1
953 silly fetch manifest quickselect@^2.0.0
954 silly packumentCache full:https://registry.npmjs.org/quickselect cache-miss
955 http cache https://registry.npmjs.org/quickselect 39ms (cache hit)
956 silly packumentCache full:https://registry.npmjs.org/quickselect set size:11053 disposed:false
957 silly placeDep ROOT skmeans@0.9.7 OK for: @turf/clusters-kmeans@7.4.0 want: 0.9.7
958 silly placeDep ROOT topojson-client@3.1.0 OK for: @turf/concave@7.4.0 want: 3.x
959 silly placeDep ROOT topojson-server@3.0.1 OK for: @turf/concave@7.4.0 want: 3.x
960 silly fetch manifest commander@2
961 silly packumentCache full:https://registry.npmjs.org/commander cache-miss
962 silly fetch manifest commander@2
963 silly packumentCache full:https://registry.npmjs.org/commander cache-miss
964 http fetch GET 200 https://registry.npmjs.org/commander 56ms (cache miss)
965 silly packumentCache full:https://registry.npmjs.org/commander set size:undefined disposed:false
966 http fetch GET 200 https://registry.npmjs.org/commander 64ms (cache miss)
967 silly packumentCache full:https://registry.npmjs.org/commander set size:undefined disposed:false
968 silly placeDep ROOT concaveman@1.2.1 OK for: @turf/convex@7.4.0 want: ^1.2.1
969 silly fetch manifest point-in-polygon@^1.1.0
970 silly packumentCache full:https://registry.npmjs.org/point-in-polygon cache-miss
971 http fetch GET 200 https://registry.npmjs.org/point-in-polygon 274ms (cache miss)
972 silly packumentCache full:https://registry.npmjs.org/point-in-polygon set size:undefined disposed:false
973 silly placeDep ROOT polyclip-ts@0.16.8 OK for: @turf/difference@7.4.0 want: ^0.16.8
974 silly fetch manifest bignumber.js@^9.1.0
975 silly packumentCache full:https://registry.npmjs.org/bignumber.js cache-miss
976 silly fetch manifest splaytree-ts@^1.0.2
977 silly packumentCache full:https://registry.npmjs.org/splaytree-ts cache-miss
978 http fetch GET 200 https://registry.npmjs.org/bignumber.js 41ms (cache miss)
979 silly packumentCache full:https://registry.npmjs.org/bignumber.js set size:undefined disposed:false
980 http fetch GET 200 https://registry.npmjs.org/splaytree-ts 279ms (cache miss)
981 silly packumentCache full:https://registry.npmjs.org/splaytree-ts set size:undefined disposed:false
982 silly placeDep ROOT arc@0.2.0 OK for: @turf/great-circle@7.4.0 want: ^0.2.0
983 silly placeDep ROOT jsts@2.7.1 OK for: @turf/jsts@2.7.2 want: 2.7.1
984 silly placeDep ROOT robust-predicates@2.0.4 OK for: @turf/line-intersect@7.4.0 want: ^2.0.4
985 silly placeDep ROOT tinyqueue@2.0.3 OK for: @turf/line-intersect@7.4.0 want: ^2.0.3
986 silly placeDep ROOT fast-deep-equal@3.1.3 OK for: @turf/line-overlap@7.4.0 want: ^3.1.3
987 silly placeDep ROOT @types/earcut@2.1.4 OK for: @turf/tesselate@7.4.0 want: ^2.1.4
988 silly placeDep ROOT earcut@2.2.4 OK for: @turf/tesselate@7.4.0 want: ^2.2.4
989 silly placeDep ROOT @types/d3-voronoi@1.1.12 OK for: @turf/voronoi@7.4.0 want: ^1.1.12
990 silly placeDep ROOT d3-voronoi@1.1.2 OK for: @turf/voronoi@7.4.0 want: 1.1.2
991 silly placeDep ROOT csstype@3.2.3 OK for: @types/react@19.2.18 want: ^3.2.2
992 silly placeDep ROOT @babel/core@7.29.7 OK for: @vitejs/plugin-react@4.7.0 want: ^7.28.0
993 silly placeDep ROOT @babel/plugin-transform-react-jsx-self@7.29.7 OK for: @vitejs/plugin-react@4.7.0 want: ^7.27.1
994 silly placeDep ROOT @babel/plugin-transform-react-jsx-source@7.29.7 OK for: @vitejs/plugin-react@4.7.0 want: ^7.27.1
995 silly placeDep ROOT @rolldown/pluginutils@1.0.0-beta.27 OK for: @vitejs/plugin-react@4.7.0 want: 1.0.0-beta.27
996 silly placeDep ROOT @types/babel__core@7.20.5 OK for: @vitejs/plugin-react@4.7.0 want: ^7.20.5
997 silly placeDep ROOT react-refresh@0.17.0 OK for: @vitejs/plugin-react@4.7.0 want: ^0.17.0
998 silly fetch manifest debug@^4.1.0
999 silly packumentCache full:https://registry.npmjs.org/debug cache-miss
1000 silly fetch manifest json5@^2.2.3
1001 silly packumentCache full:https://registry.npmjs.org/json5 cache-miss
1002 silly fetch manifest semver@^6.3.1
1003 silly packumentCache full:https://registry.npmjs.org/semver cache-miss
1004 silly fetch manifest gensync@^1.0.0-beta.2
1005 silly packumentCache full:https://registry.npmjs.org/gensync cache-miss
1006 silly fetch manifest @babel/types@^7.29.7
1007 silly packumentCache full:https://registry.npmjs.org/@babel%2ftypes cache-miss
1008 silly fetch manifest @babel/parser@^7.29.7
1009 silly packumentCache full:https://registry.npmjs.org/@babel%2fparser cache-miss
1010 silly fetch manifest @babel/helpers@^7.29.7
1011 silly packumentCache full:https://registry.npmjs.org/@babel%2fhelpers cache-miss
1012 silly fetch manifest @babel/template@^7.29.7
1013 silly packumentCache full:https://registry.npmjs.org/@babel%2ftemplate cache-miss
1014 silly fetch manifest @babel/traverse@^7.29.7
1015 silly packumentCache full:https://registry.npmjs.org/@babel%2ftraverse cache-miss
1016 silly fetch manifest @babel/generator@^7.29.7
1017 silly packumentCache full:https://registry.npmjs.org/@babel%2fgenerator cache-miss
1018 silly fetch manifest @babel/code-frame@^7.29.7
1019 silly packumentCache full:https://registry.npmjs.org/@babel%2fcode-frame cache-miss
1020 silly fetch manifest convert-source-map@^2.0.0
1021 silly packumentCache full:https://registry.npmjs.org/convert-source-map cache-miss
1022 silly fetch manifest @jridgewell/remapping@^2.3.5
1023 silly packumentCache full:https://registry.npmjs.org/@jridgewell%2fremapping cache-miss
1024 http fetch GET 200 https://registry.npmjs.org/gensync 66ms (cache miss)
1025 silly packumentCache full:https://registry.npmjs.org/gensync set size:undefined disposed:false
1026 silly fetch manifest @babel/helper-module-transforms@^7.29.7
1027 silly packumentCache full:https://registry.npmjs.org/@babel%2fhelper-module-transforms cache-miss
1028 http fetch GET 200 https://registry.npmjs.org/json5 72ms (cache miss)
1029 silly packumentCache full:https://registry.npmjs.org/json5 set size:undefined disposed:false
1030 silly fetch manifest @babel/helper-compilation-targets@^7.29.7
1031 silly packumentCache full:https://registry.npmjs.org/@babel%2fhelper-compilation-targets cache-miss
1032 http fetch GET 200 https://registry.npmjs.org/convert-source-map 94ms (cache miss)
1033 silly packumentCache full:https://registry.npmjs.org/convert-source-map set size:undefined disposed:false
1034 silly fetch manifest @babel/helper-plugin-utils@^7.29.7
1035 silly packumentCache full:https://registry.npmjs.org/@babel%2fhelper-plugin-utils cache-miss
1036 http fetch GET 200 https://registry.npmjs.org/@jridgewell%2fremapping 99ms (cache miss)
1037 silly packumentCache full:https://registry.npmjs.org/@jridgewell%2fremapping set size:undefined disposed:false
1038 silly fetch manifest @babel/helper-plugin-utils@^7.29.7
1039 silly packumentCache full:https://registry.npmjs.org/@babel%2fhelper-plugin-utils cache-miss
1040 http fetch GET 200 https://registry.npmjs.org/debug 157ms (cache miss)
1041 silly packumentCache full:https://registry.npmjs.org/debug set size:undefined disposed:false
1042 silly fetch manifest @babel/types@^7.20.7
1043 silly packumentCache full:https://registry.npmjs.org/@babel%2ftypes cache-miss
1044 http fetch GET 200 https://registry.npmjs.org/semver 166ms (cache miss)
1045 silly packumentCache full:https://registry.npmjs.org/semver set size:undefined disposed:false
1046 silly fetch manifest @babel/parser@^7.20.7
1047 silly packumentCache full:https://registry.npmjs.org/@babel%2fparser cache-miss
1048 http fetch GET 200 https://registry.npmjs.org/@babel%2ftemplate 170ms (cache miss)
1049 silly packumentCache full:https://registry.npmjs.org/@babel%2ftemplate set size:undefined disposed:false
1050 silly fetch manifest @types/babel__template@*
1051 silly packumentCache full:https://registry.npmjs.org/@types%2fbabel__template cache-miss
1052 http fetch GET 200 https://registry.npmjs.org/@babel%2fcode-frame 176ms (cache miss)
1053 silly packumentCache full:https://registry.npmjs.org/@babel%2fcode-frame set size:undefined disposed:false
1054 silly fetch manifest @types/babel__traverse@*
1055 silly packumentCache full:https://registry.npmjs.org/@types%2fbabel__traverse cache-miss
1056 http fetch GET 200 https://registry.npmjs.org/@babel%2fhelpers 197ms (cache miss)
1057 silly packumentCache full:https://registry.npmjs.org/@babel%2fhelpers set size:undefined disposed:false
1058 silly fetch manifest @types/babel__generator@*
1059 silly packumentCache full:https://registry.npmjs.org/@types%2fbabel__generator cache-miss
1060 http fetch GET 200 https://registry.npmjs.org/@babel%2ftypes 214ms (cache miss)
1061 silly packumentCache full:https://registry.npmjs.org/@babel%2ftypes set size:undefined disposed:false
1062 http fetch GET 200 https://registry.npmjs.org/@babel%2fgenerator 218ms (cache miss)
1063 silly packumentCache full:https://registry.npmjs.org/@babel%2fgenerator set size:undefined disposed:false
1064 http fetch GET 200 https://registry.npmjs.org/@babel%2fhelper-compilation-targets 151ms (cache miss)
1065 silly packumentCache full:https://registry.npmjs.org/@babel%2fhelper-compilation-targets set size:undefined disposed:false
1066 http fetch GET 200 https://registry.npmjs.org/@babel%2fhelper-plugin-utils 131ms (cache miss)
1067 silly packumentCache full:https://registry.npmjs.org/@babel%2fhelper-plugin-utils set size:undefined disposed:false
1068 http fetch GET 200 https://registry.npmjs.org/@babel%2ftraverse 232ms (cache miss)
1069 silly packumentCache full:https://registry.npmjs.org/@babel%2ftraverse set size:undefined disposed:false
1070 http fetch GET 200 https://registry.npmjs.org/@babel%2fhelper-plugin-utils 133ms (cache miss)
1071 silly packumentCache full:https://registry.npmjs.org/@babel%2fhelper-plugin-utils set size:undefined disposed:false
1072 http fetch GET 200 https://registry.npmjs.org/@babel%2fhelper-module-transforms 176ms (cache miss)
1073 silly packumentCache full:https://registry.npmjs.org/@babel%2fhelper-module-transforms set size:undefined disposed:false
1074 http fetch GET 200 https://registry.npmjs.org/@babel%2fparser 253ms (cache miss)
1075 silly packumentCache full:https://registry.npmjs.org/@babel%2fparser set size:undefined disposed:false
1076 http fetch GET 200 https://registry.npmjs.org/@types%2fbabel__template 91ms (cache miss)
1077 silly packumentCache full:https://registry.npmjs.org/@types%2fbabel__template set size:undefined disposed:false
1078 http fetch GET 200 https://registry.npmjs.org/@types%2fbabel__generator 66ms (cache miss)
1079 silly packumentCache full:https://registry.npmjs.org/@types%2fbabel__generator set size:undefined disposed:false
1080 http fetch GET 200 https://registry.npmjs.org/@types%2fbabel__traverse 90ms (cache miss)
1081 silly packumentCache full:https://registry.npmjs.org/@types%2fbabel__traverse set size:undefined disposed:false
1082 http fetch GET 200 https://registry.npmjs.org/@babel%2ftypes 115ms (cache miss)
1083 silly packumentCache full:https://registry.npmjs.org/@babel%2ftypes set size:undefined disposed:false
1084 http fetch GET 200 https://registry.npmjs.org/@babel%2fparser 113ms (cache miss)
1085 silly packumentCache full:https://registry.npmjs.org/@babel%2fparser set size:undefined disposed:false
1086 silly fetch manifest @babel/core@^7.0.0
1087 silly packumentCache full:https://registry.npmjs.org/@babel%2fcore cache-miss
1088 http cache https://registry.npmjs.org/@babel%2fcore 9ms (cache hit)
1089 silly packumentCache full:https://registry.npmjs.org/@babel%2fcore set size:788273 disposed:false
1090 silly placeDep ROOT @babel/code-frame@7.29.7 OK for: @babel/core@7.29.7 want: ^7.29.7
1091 silly placeDep ROOT @babel/generator@7.29.8 OK for: @babel/core@7.29.7 want: ^7.29.7
1092 silly placeDep ROOT @babel/helper-compilation-targets@7.29.7 OK for: @babel/core@7.29.7 want: ^7.29.7
1093 silly placeDep ROOT @babel/helper-module-transforms@7.29.7 OK for: @babel/core@7.29.7 want: ^7.29.7
1094 silly placeDep ROOT @babel/helpers@7.29.7 OK for: @babel/core@7.29.7 want: ^7.29.7
1095 silly placeDep ROOT @babel/parser@7.29.8 OK for: @babel/core@7.29.7 want: ^7.29.7
1096 silly placeDep ROOT @babel/template@7.29.7 OK for: @babel/core@7.29.7 want: ^7.29.7
1097 silly placeDep ROOT @babel/traverse@7.29.8 OK for: @babel/core@7.29.7 want: ^7.29.7
1098 silly placeDep ROOT @babel/types@7.29.8 OK for: @babel/core@7.29.7 want: ^7.29.7
1099 silly placeDep ROOT @jridgewell/remapping@2.3.5 OK for: @babel/core@7.29.7 want: ^2.3.5
1100 silly placeDep ROOT convert-source-map@2.0.0 OK for: @babel/core@7.29.7 want: ^2.0.0
1101 silly placeDep ROOT debug@4.4.3 OK for: @babel/core@7.29.7 want: ^4.1.0
1102 silly placeDep ROOT gensync@1.0.0-beta.2 OK for: @babel/core@7.29.7 want: ^1.0.0-beta.2
1103 silly placeDep ROOT json5@2.2.3 OK for: @babel/core@7.29.7 want: ^2.2.3
1104 silly placeDep ROOT semver@6.3.1 OK for: @babel/core@7.29.7 want: ^6.3.1
1105 silly fetch manifest js-tokens@^4.0.0
1106 silly packumentCache full:https://registry.npmjs.org/js-tokens cache-miss
1107 silly fetch manifest picocolors@^1.1.1
1108 silly packumentCache full:https://registry.npmjs.org/picocolors cache-miss
1109 silly fetch manifest @babel/helper-validator-identifier@^7.29.7
1110 silly packumentCache full:https://registry.npmjs.org/@babel%2fhelper-validator-identifier cache-miss
1111 silly fetch manifest jsesc@^3.0.2
1112 silly packumentCache full:https://registry.npmjs.org/jsesc cache-miss
1113 silly fetch manifest @babel/types@^7.29.8
1114 silly packumentCache full:https://registry.npmjs.org/@babel%2ftypes cache-miss
1115 silly fetch manifest @babel/parser@^7.29.8
1116 silly packumentCache full:https://registry.npmjs.org/@babel%2fparser cache-miss
1117 silly fetch manifest @jridgewell/gen-mapping@^0.3.12
1118 silly packumentCache full:https://registry.npmjs.org/@jridgewell%2fgen-mapping cache-miss
1119 silly fetch manifest @jridgewell/trace-mapping@^0.3.28
1120 silly packumentCache full:https://registry.npmjs.org/@jridgewell%2ftrace-mapping cache-miss
1121 silly fetch manifest lru-cache@^5.1.1
1122 silly packumentCache full:https://registry.npmjs.org/lru-cache cache-miss
1123 silly fetch manifest browserslist@^4.24.0
1124 silly packumentCache full:https://registry.npmjs.org/browserslist cache-miss
1125 silly fetch manifest @babel/compat-data@^7.29.7
1126 silly packumentCache full:https://registry.npmjs.org/@babel%2fcompat-data cache-miss
1127 silly fetch manifest @babel/helper-validator-option@^7.29.7
1128 silly packumentCache full:https://registry.npmjs.org/@babel%2fhelper-validator-option cache-miss
1129 silly fetch manifest @babel/helper-module-imports@^7.29.7
1130 silly packumentCache full:https://registry.npmjs.org/@babel%2fhelper-module-imports cache-miss
1131 http cache https://registry.npmjs.org/@babel%2fparser 19ms (cache hit)
1132 silly packumentCache full:https://registry.npmjs.org/@babel%2fparser set size:737961 disposed:false
1133 silly fetch manifest @babel/helper-validator-identifier@^7.29.7
1134 silly packumentCache full:https://registry.npmjs.org/@babel%2fhelper-validator-identifier cache-miss
1135 http cache https://registry.npmjs.org/@babel%2ftypes 24ms (cache hit)
1136 silly packumentCache full:https://registry.npmjs.org/@babel%2ftypes set size:502938 disposed:false
1137 silly fetch manifest debug@^4.3.1
1138 silly packumentCache full:https://registry.npmjs.org/debug cache-miss
1139 http fetch GET 200 https://registry.npmjs.org/js-tokens 65ms (cache miss)
1140 silly packumentCache full:https://registry.npmjs.org/js-tokens set size:undefined disposed:false
1141 silly fetch manifest @babel/helper-globals@^7.29.7
1142 silly packumentCache full:https://registry.npmjs.org/@babel%2fhelper-globals cache-miss
1143 http cache https://registry.npmjs.org/debug 37ms (cache hit)
1144 silly packumentCache full:https://registry.npmjs.org/debug set size:195840 disposed:false
1145 silly fetch manifest @babel/helper-string-parser@^7.29.7
1146 silly packumentCache full:https://registry.npmjs.org/@babel%2fhelper-string-parser cache-miss
1147 http fetch GET 200 https://registry.npmjs.org/@jridgewell%2fgen-mapping 69ms (cache miss)
1148 silly packumentCache full:https://registry.npmjs.org/@jridgewell%2fgen-mapping set size:undefined disposed:false
1149 silly fetch manifest @babel/helper-validator-identifier@^7.29.7
1150 silly packumentCache full:https://registry.npmjs.org/@babel%2fhelper-validator-identifier cache-miss
1151 http fetch GET 200 https://registry.npmjs.org/picocolors 74ms (cache miss)
1152 silly packumentCache full:https://registry.npmjs.org/picocolors set size:undefined disposed:false
1153 silly fetch manifest @jridgewell/gen-mapping@^0.3.5
1154 silly packumentCache full:https://registry.npmjs.org/@jridgewell%2fgen-mapping cache-miss
1155 http fetch GET 200 https://registry.npmjs.org/jsesc 75ms (cache miss)
1156 silly packumentCache full:https://registry.npmjs.org/jsesc set size:undefined disposed:false
1157 silly fetch manifest @jridgewell/trace-mapping@^0.3.24
1158 silly packumentCache full:https://registry.npmjs.org/@jridgewell%2ftrace-mapping cache-miss
1159 http fetch GET 200 https://registry.npmjs.org/@babel%2fhelper-validator-identifier 80ms (cache miss)
1160 silly packumentCache full:https://registry.npmjs.org/@babel%2fhelper-validator-identifier set size:undefined disposed:false
1161 silly fetch manifest ms@^2.1.3
1162 silly packumentCache full:https://registry.npmjs.org/ms cache-miss
1163 http fetch GET 200 https://registry.npmjs.org/@babel%2fhelper-module-imports 81ms (cache miss)
1164 silly packumentCache full:https://registry.npmjs.org/@babel%2fhelper-module-imports set size:undefined disposed:false
1165 http fetch GET 200 https://registry.npmjs.org/@babel%2fhelper-validator-option 85ms (cache miss)
1166 silly packumentCache full:https://registry.npmjs.org/@babel%2fhelper-validator-option set size:undefined disposed:false
1167 http fetch GET 200 https://registry.npmjs.org/@jridgewell%2ftrace-mapping 87ms (cache miss)
1168 silly packumentCache full:https://registry.npmjs.org/@jridgewell%2ftrace-mapping set size:undefined disposed:false
1169 http fetch GET 200 https://registry.npmjs.org/@babel%2fcompat-data 95ms (cache miss)
1170 silly packumentCache full:https://registry.npmjs.org/@babel%2fcompat-data set size:undefined disposed:false
1171 http cache https://registry.npmjs.org/@jridgewell%2fgen-mapping 31ms (cache hit)
1172 silly packumentCache full:https://registry.npmjs.org/@jridgewell%2fgen-mapping set size:75941 disposed:false
1173 http fetch GET 200 https://registry.npmjs.org/@babel%2fhelper-validator-identifier 83ms (cache miss)
1174 silly packumentCache full:https://registry.npmjs.org/@babel%2fhelper-validator-identifier set size:undefined disposed:false
1175 http fetch GET 200 https://registry.npmjs.org/@babel%2fhelper-globals 47ms (cache miss)
1176 silly packumentCache full:https://registry.npmjs.org/@babel%2fhelper-globals set size:undefined disposed:false
1177 http fetch GET 200 https://registry.npmjs.org/lru-cache 110ms (cache miss)
1178 silly packumentCache full:https://registry.npmjs.org/lru-cache set size:undefined disposed:false
1179 http fetch GET 200 https://registry.npmjs.org/browserslist 116ms (cache miss)
1180 silly packumentCache full:https://registry.npmjs.org/browserslist set size:undefined disposed:false
1181 http fetch GET 200 https://registry.npmjs.org/@babel%2fhelper-string-parser 56ms (cache miss)
1182 silly packumentCache full:https://registry.npmjs.org/@babel%2fhelper-string-parser set size:undefined disposed:false
1183 http fetch GET 200 https://registry.npmjs.org/@babel%2fhelper-validator-identifier 55ms (cache miss)
1184 silly packumentCache full:https://registry.npmjs.org/@babel%2fhelper-validator-identifier set size:undefined disposed:false
1185 http fetch GET 200 https://registry.npmjs.org/@jridgewell%2ftrace-mapping 50ms (cache miss)
1186 silly packumentCache full:https://registry.npmjs.org/@jridgewell%2ftrace-mapping set size:undefined disposed:false
1187 http fetch GET 200 https://registry.npmjs.org/ms 47ms (cache miss)
1188 silly packumentCache full:https://registry.npmjs.org/ms set size:undefined disposed:false
1189 silly placeDep ROOT @babel/helper-validator-identifier@7.29.7 OK for: @babel/code-frame@7.29.7 want: ^7.29.7
1190 silly placeDep ROOT js-tokens@4.0.0 OK for: @babel/code-frame@7.29.7 want: ^4.0.0
1191 silly placeDep ROOT picocolors@1.1.1 OK for: @babel/code-frame@7.29.7 want: ^1.1.1
1192 silly placeDep ROOT @jridgewell/gen-mapping@0.3.13 OK for: @babel/generator@7.29.8 want: ^0.3.12
1193 silly placeDep ROOT @jridgewell/trace-mapping@0.3.31 OK for: @babel/generator@7.29.8 want: ^0.3.28
1194 silly placeDep ROOT jsesc@3.1.0 OK for: @babel/generator@7.29.8 want: ^3.0.2
1195 silly fetch manifest @jridgewell/sourcemap-codec@^1.5.0
1196 silly packumentCache full:https://registry.npmjs.org/@jridgewell%2fsourcemap-codec cache-miss
1197 silly fetch manifest @jridgewell/resolve-uri@^3.1.0
1198 silly packumentCache full:https://registry.npmjs.org/@jridgewell%2fresolve-uri cache-miss
1199 silly fetch manifest @jridgewell/sourcemap-codec@^1.4.14
1200 silly packumentCache full:https://registry.npmjs.org/@jridgewell%2fsourcemap-codec cache-miss
1201 http fetch GET 200 https://registry.npmjs.org/@jridgewell%2fsourcemap-codec 29ms (cache miss)
1202 silly packumentCache full:https://registry.npmjs.org/@jridgewell%2fsourcemap-codec set size:undefined disposed:false
1203 http fetch GET 200 https://registry.npmjs.org/@jridgewell%2fsourcemap-codec 30ms (cache miss)
1204 silly packumentCache full:https://registry.npmjs.org/@jridgewell%2fsourcemap-codec set size:undefined disposed:false
1205 http fetch GET 200 https://registry.npmjs.org/@jridgewell%2fresolve-uri 39ms (cache miss)
1206 silly packumentCache full:https://registry.npmjs.org/@jridgewell%2fresolve-uri set size:undefined disposed:false
1207 silly placeDep ROOT @babel/compat-data@7.29.7 OK for: @babel/helper-compilation-targets@7.29.7 want: ^7.29.7
1208 silly placeDep ROOT @babel/helper-validator-option@7.29.7 OK for: @babel/helper-compilation-targets@7.29.7 want: ^7.29.7
1209 silly placeDep ROOT browserslist@4.28.8 OK for: @babel/helper-compilation-targets@7.29.7 want: ^4.24.0
1210 silly placeDep ROOT lru-cache@5.1.1 OK for: @babel/helper-compilation-targets@7.29.7 want: ^5.1.1
1211 silly fetch manifest caniuse-lite@^1.0.30001809
1212 silly packumentCache full:https://registry.npmjs.org/caniuse-lite cache-miss
1213 silly fetch manifest node-releases@^2.0.53
1214 silly packumentCache full:https://registry.npmjs.org/node-releases cache-miss
1215 silly fetch manifest electron-to-chromium@^1.5.402
1216 silly packumentCache full:https://registry.npmjs.org/electron-to-chromium cache-miss
1217 silly fetch manifest update-browserslist-db@^1.3.0
1218 silly packumentCache full:https://registry.npmjs.org/update-browserslist-db cache-miss
1219 silly fetch manifest baseline-browser-mapping@^2.11.12
1220 silly packumentCache full:https://registry.npmjs.org/baseline-browser-mapping cache-miss
1221 silly fetch manifest yallist@^3.0.2
1222 silly packumentCache full:https://registry.npmjs.org/yallist cache-miss
1223 http fetch GET 200 https://registry.npmjs.org/update-browserslist-db 31ms (cache miss)
1224 silly packumentCache full:https://registry.npmjs.org/update-browserslist-db set size:undefined disposed:false
1225 http fetch GET 200 https://registry.npmjs.org/yallist 35ms (cache miss)
1226 silly packumentCache full:https://registry.npmjs.org/yallist set size:undefined disposed:false
1227 http fetch GET 200 https://registry.npmjs.org/baseline-browser-mapping 54ms (cache miss)
1228 silly packumentCache full:https://registry.npmjs.org/baseline-browser-mapping set size:undefined disposed:false
1229 http fetch GET 200 https://registry.npmjs.org/node-releases 58ms (cache miss)
1230 silly packumentCache full:https://registry.npmjs.org/node-releases set size:undefined disposed:false
1231 http fetch GET 200 https://registry.npmjs.org/caniuse-lite 78ms (cache miss)
1232 silly packumentCache full:https://registry.npmjs.org/caniuse-lite set size:undefined disposed:false
1233 http fetch GET 200 https://registry.npmjs.org/electron-to-chromium 166ms (cache miss)
1234 silly packumentCache full:https://registry.npmjs.org/electron-to-chromium set size:undefined disposed:false
1235 silly placeDep ROOT @babel/helper-module-imports@7.29.7 OK for: @babel/helper-module-transforms@7.29.7 want: ^7.29.7
1236 silly placeDep ROOT @babel/helper-plugin-utils@7.29.7 OK for: @babel/plugin-transform-react-jsx-self@7.29.7 want: ^7.29.7
1237 silly placeDep ROOT @babel/helper-globals@7.29.7 OK for: @babel/traverse@7.29.8 want: ^7.29.7
1238 silly placeDep ROOT @babel/helper-string-parser@7.29.7 OK for: @babel/types@7.29.8 want: ^7.29.7
1239 silly placeDep ROOT @jridgewell/sourcemap-codec@1.6.0 OK for: @jridgewell/gen-mapping@0.3.13 want: ^1.5.0
1240 silly placeDep ROOT @jridgewell/resolve-uri@3.1.2 OK for: @jridgewell/trace-mapping@0.3.31 want: ^3.1.0
1241 silly placeDep ROOT @types/babel__generator@7.27.0 OK for: @types/babel__core@7.20.5 want: *
1242 silly placeDep ROOT @types/babel__template@7.4.4 OK for: @types/babel__core@7.20.5 want: *
1243 silly placeDep ROOT @types/babel__traverse@7.28.0 OK for: @types/babel__core@7.20.5 want: *
1244 silly fetch manifest browserslist@>= 4.21.0
1245 silly packumentCache full:https://registry.npmjs.org/browserslist cache-miss
1246 http cache https://registry.npmjs.org/browserslist 10ms (cache hit)
1247 silly packumentCache full:https://registry.npmjs.org/browserslist set size:518659 disposed:false
1248 silly placeDep ROOT baseline-browser-mapping@2.11.20 OK for: browserslist@4.28.8 want: ^2.11.12
1249 silly placeDep ROOT caniuse-lite@1.0.30001810 OK for: browserslist@4.28.8 want: ^1.0.30001809
1250 silly placeDep ROOT electron-to-chromium@1.5.416 OK for: browserslist@4.28.8 want: ^1.5.402
1251 silly placeDep ROOT node-releases@2.0.54 OK for: browserslist@4.28.8 want: ^2.0.53
1252 silly placeDep ROOT update-browserslist-db@1.3.2 OK for: browserslist@4.28.8 want: ^1.3.0
1253 silly fetch manifest escalade@^3.2.0
1254 silly packumentCache full:https://registry.npmjs.org/escalade cache-miss
1255 http fetch GET 200 https://registry.npmjs.org/escalade 31ms (cache miss)
1256 silly packumentCache full:https://registry.npmjs.org/escalade set size:undefined disposed:false
1257 silly placeDep ROOT point-in-polygon@1.1.0 OK for: concaveman@1.2.1 want: ^1.1.0
1258 silly placeDep ROOT d3-array@2.12.1 OK for: d3-geo@2.0.2 want: ^2.5.0
1259 silly fetch manifest internmap@^1.0.0
1260 silly packumentCache full:https://registry.npmjs.org/internmap cache-miss
1261 http fetch GET 200 https://registry.npmjs.org/internmap 30ms (cache miss)
1262 silly packumentCache full:https://registry.npmjs.org/internmap set size:undefined disposed:false
1263 silly placeDep ROOT internmap@1.0.1 OK for: d3-array@2.12.1 want: ^1.0.0
1264 silly placeDep ROOT ms@2.1.3 OK for: debug@4.4.3 want: ^2.1.3
1265 silly placeDep node_modules/geojson-polygon-self-intersections rbush@2.0.2 OK for: geojson-polygon-self-intersections@1.2.2 want: ^2.0.1
1266 silly fetch manifest quickselect@^1.0.1
1267 silly packumentCache full:https://registry.npmjs.org/quickselect cache-hit
1268 silly placeDep ROOT yallist@3.1.1 OK for: lru-cache@5.1.1 want: ^3.0.2
1269 silly placeDep ROOT @mapbox/jsonlint-lines-primitives@2.0.3 OK for: maplibre-gl@5.24.0 want: ^2.0.2
1270 silly placeDep ROOT @mapbox/point-geometry@1.1.0 OK for: maplibre-gl@5.24.0 want: ^1.1.0
1271 silly placeDep ROOT @mapbox/tiny-sdf@2.2.0 OK for: maplibre-gl@5.24.0 want: ^2.1.0
1272 silly placeDep ROOT @mapbox/unitbezier@0.0.1 OK for: maplibre-gl@5.24.0 want: ^0.0.1
1273 silly placeDep ROOT @mapbox/vector-tile@2.0.5 OK for: maplibre-gl@5.24.0 want: ^2.0.4
1274 silly placeDep ROOT @mapbox/whoots-js@3.1.0 OK for: maplibre-gl@5.24.0 want: ^3.1.0
1275 silly placeDep ROOT @maplibre/geojson-vt@6.1.1 OK for: maplibre-gl@5.24.0 want: ^6.1.0
1276 silly placeDep ROOT @maplibre/maplibre-gl-style-spec@24.10.0 OK for: maplibre-gl@5.24.0 want: ^24.8.1
1277 silly placeDep ROOT @maplibre/mlt@1.2.0 OK for: maplibre-gl@5.24.0 want: ^1.1.8
1278 silly placeDep ROOT @maplibre/vt-pbf@4.3.2 OK for: maplibre-gl@5.24.0 want: ^4.3.0
1279 silly placeDep node_modules/maplibre-gl earcut@3.2.3 OK for: maplibre-gl@5.24.0 want: ^3.0.2
1280 silly placeDep ROOT gl-matrix@3.4.4 OK for: maplibre-gl@5.24.0 want: ^3.4.4
1281 silly placeDep ROOT kdbush@4.1.0 OK for: maplibre-gl@5.24.0 want: ^4.0.2
1282 silly placeDep ROOT murmurhash-js@1.0.0 OK for: maplibre-gl@5.24.0 want: ^1.0.0
1283 silly placeDep ROOT pbf@4.0.2 OK for: maplibre-gl@5.24.0 want: ^4.0.1
1284 silly placeDep ROOT potpack@2.1.0 OK for: maplibre-gl@5.24.0 want: ^2.1.0
1285 silly placeDep ROOT quickselect@3.0.0 OK for: maplibre-gl@5.24.0 want: ^3.0.0
1286 silly placeDep node_modules/maplibre-gl tinyqueue@3.0.0 OK for: maplibre-gl@5.24.0 want: ^3.0.0
1287 silly fetch manifest pbf@^4.0.2
1288 silly packumentCache full:https://registry.npmjs.org/pbf cache-miss
1289 silly fetch manifest kdbush@^4.1.0
1290 silly packumentCache full:https://registry.npmjs.org/kdbush cache-miss
1291 silly fetch manifest minimist@^1.2.8
1292 silly packumentCache full:https://registry.npmjs.org/minimist cache-miss
1293 silly fetch manifest @mapbox/unitbezier@^1.0.0
1294 silly packumentCache full:https://registry.npmjs.org/@mapbox%2funitbezier cache-miss
1295 silly fetch manifest json-stringify-pretty-compact@^4.0.0
1296 silly packumentCache full:https://registry.npmjs.org/json-stringify-pretty-compact cache-miss
1297 silly fetch manifest pbf@^5.1.0
1298 silly packumentCache full:https://registry.npmjs.org/pbf cache-miss
1299 silly fetch manifest resolve-protobuf-schema@^2.1.0
1300 silly packumentCache full:https://registry.npmjs.org/resolve-protobuf-schema cache-miss
1301 http cache https://registry.npmjs.org/@mapbox%2funitbezier 7ms (cache hit)
1302 silly packumentCache full:https://registry.npmjs.org/@mapbox%2funitbezier set size:12100 disposed:false
1303 http cache https://registry.npmjs.org/kdbush 11ms (cache hit)
1304 silly packumentCache full:https://registry.npmjs.org/kdbush set size:26128 disposed:false
1305 http cache https://registry.npmjs.org/pbf 11ms (cache hit)
1306 silly packumentCache full:https://registry.npmjs.org/pbf set size:152200 disposed:false
1307 http cache https://registry.npmjs.org/pbf 12ms (cache hit)
1308 silly packumentCache full:https://registry.npmjs.org/pbf set size:152200 disposed:false
1309 silly packumentCache full:https://registry.npmjs.org/pbf dispose
1310 http fetch GET 200 https://registry.npmjs.org/minimist 36ms (cache miss)
1311 silly packumentCache full:https://registry.npmjs.org/minimist set size:undefined disposed:false
1312 http fetch GET 200 https://registry.npmjs.org/resolve-protobuf-schema 268ms (cache miss)
1313 silly packumentCache full:https://registry.npmjs.org/resolve-protobuf-schema set size:undefined disposed:false
1314 http fetch GET 200 https://registry.npmjs.org/json-stringify-pretty-compact 282ms (cache miss)
1315 silly packumentCache full:https://registry.npmjs.org/json-stringify-pretty-compact set size:undefined disposed:false
1316 silly placeDep node_modules/@maplibre/maplibre-gl-style-spec @mapbox/unitbezier@1.0.0 OK for: @maplibre/maplibre-gl-style-spec@24.10.0 want: ^1.0.0
1317 silly placeDep ROOT json-stringify-pretty-compact@4.0.0 OK for: @maplibre/maplibre-gl-style-spec@24.10.0 want: ^4.0.0
1318 silly placeDep ROOT minimist@1.2.8 OK for: @maplibre/maplibre-gl-style-spec@24.10.0 want: ^1.2.8
1319 silly placeDep node_modules/@maplibre/maplibre-gl-style-spec tinyqueue@3.0.0 OK for: @maplibre/maplibre-gl-style-spec@24.10.0 want: ^3.0.0
1320 silly placeDep node_modules/@maplibre/vt-pbf pbf@5.1.2 OK for: @maplibre/vt-pbf@4.3.2 want: ^5.1.0
1321 silly placeDep ROOT resolve-protobuf-schema@2.1.0 OK for: pbf@4.0.2 want: ^2.1.0
1322 silly fetch manifest protocol-buffers-schema@^3.3.1
1323 silly packumentCache full:https://registry.npmjs.org/protocol-buffers-schema cache-miss
1324 http fetch GET 200 https://registry.npmjs.org/protocol-buffers-schema 277ms (cache miss)
1325 silly packumentCache full:https://registry.npmjs.org/protocol-buffers-schema set size:undefined disposed:false
1326 silly placeDep ROOT fflate@0.8.3 OK for: pmtiles@4.5.0 want: ^0.8.2
1327 silly placeDep node_modules/point-in-polygon-hao robust-predicates@3.0.3 OK for: point-in-polygon-hao@1.2.4 want: ^3.0.2
1328 silly placeDep ROOT bignumber.js@9.3.1 OK for: polyclip-ts@0.16.8 want: ^9.1.0
1329 silly placeDep ROOT splaytree-ts@1.0.2 OK for: polyclip-ts@0.16.8 want: ^1.0.2
1330 silly placeDep node_modules/rbush quickselect@2.0.0 OK for: rbush@3.0.1 want: ^2.0.0
1331 silly placeDep ROOT scheduler@0.27.0 OK for: react-dom@19.2.8 want: ^0.27.0
1332 silly placeDep ROOT protocol-buffers-schema@3.6.1 OK for: resolve-protobuf-schema@2.1.0 want: ^3.3.1
1333 silly placeDep ROOT commander@2.20.3 OK for: topojson-client@3.1.0 want: 2
1334 silly placeDep ROOT escalade@3.2.0 OK for: update-browserslist-db@1.3.2 want: ^3.2.0
1335 silly placeDep ROOT esbuild@0.25.12 OK for: vite@6.4.3 want: ^0.25.0
1336 silly placeDep ROOT fdir@6.5.0 OK for: vite@6.4.3 want: ^6.4.4
1337 silly placeDep ROOT fsevents@2.3.3 OK for: vite@6.4.3 want: ~2.3.3
1338 silly placeDep ROOT picomatch@4.0.7 OK for: vite@6.4.3 want: ^4.0.2
1339 silly placeDep ROOT postcss@8.5.26 OK for: vite@6.4.3 want: ^8.5.3
1340 silly placeDep ROOT rollup@4.63.1 OK for: vite@6.4.3 want: ^4.34.9
1341 silly placeDep ROOT tinyglobby@0.2.17 OK for: vite@6.4.3 want: ^0.2.13
1342 silly fetch manifest @esbuild/aix-ppc64@0.25.12
1343 silly packumentCache full:https://registry.npmjs.org/@esbuild%2faix-ppc64 cache-miss
1344 silly fetch manifest @esbuild/linux-arm@0.25.12
1345 silly packumentCache full:https://registry.npmjs.org/@esbuild%2flinux-arm cache-miss
1346 silly fetch manifest @esbuild/linux-x64@0.25.12
1347 silly packumentCache full:https://registry.npmjs.org/@esbuild%2flinux-x64 cache-miss
1348 silly fetch manifest @esbuild/sunos-x64@0.25.12
1349 silly packumentCache full:https://registry.npmjs.org/@esbuild%2fsunos-x64 cache-miss
1350 silly fetch manifest @esbuild/win32-x64@0.25.12
1351 silly packumentCache full:https://registry.npmjs.org/@esbuild%2fwin32-x64 cache-miss
1352 silly fetch manifest @esbuild/darwin-x64@0.25.12
1353 silly packumentCache full:https://registry.npmjs.org/@esbuild%2fdarwin-x64 cache-miss
1354 silly fetch manifest @esbuild/linux-ia32@0.25.12
1355 silly packumentCache full:https://registry.npmjs.org/@esbuild%2flinux-ia32 cache-miss
1356 silly fetch manifest @esbuild/netbsd-x64@0.25.12
1357 silly packumentCache full:https://registry.npmjs.org/@esbuild%2fnetbsd-x64 cache-miss
1358 silly fetch manifest @esbuild/win32-ia32@0.25.12
1359 silly packumentCache full:https://registry.npmjs.org/@esbuild%2fwin32-ia32 cache-miss
1360 silly fetch manifest @esbuild/android-arm@0.25.12
1361 silly packumentCache full:https://registry.npmjs.org/@esbuild%2fandroid-arm cache-miss
1362 silly fetch manifest @esbuild/android-x64@0.25.12
1363 silly packumentCache full:https://registry.npmjs.org/@esbuild%2fandroid-x64 cache-miss
1364 silly fetch manifest @esbuild/freebsd-x64@0.25.12
1365 silly packumentCache full:https://registry.npmjs.org/@esbuild%2ffreebsd-x64 cache-miss
1366 silly fetch manifest @esbuild/linux-arm64@0.25.12
1367 silly packumentCache full:https://registry.npmjs.org/@esbuild%2flinux-arm64 cache-miss
1368 http fetch GET 200 https://registry.npmjs.org/@esbuild%2faix-ppc64 55ms (cache miss)
1369 silly packumentCache full:https://registry.npmjs.org/@esbuild%2faix-ppc64 set size:undefined disposed:false
1370 silly fetch manifest @esbuild/linux-ppc64@0.25.12
1371 silly packumentCache full:https://registry.npmjs.org/@esbuild%2flinux-ppc64 cache-miss
1372 http fetch GET 200 https://registry.npmjs.org/@esbuild%2flinux-arm 62ms (cache miss)
1373 silly packumentCache full:https://registry.npmjs.org/@esbuild%2flinux-arm set size:undefined disposed:false
1374 silly fetch manifest @esbuild/linux-s390x@0.25.12
1375 silly packumentCache full:https://registry.npmjs.org/@esbuild%2flinux-s390x cache-miss
1376 http fetch GET 200 https://registry.npmjs.org/@esbuild%2flinux-ia32 62ms (cache miss)
1377 silly packumentCache full:https://registry.npmjs.org/@esbuild%2flinux-ia32 set size:undefined disposed:false
1378 silly fetch manifest @esbuild/openbsd-x64@0.25.12
1379 silly packumentCache full:https://registry.npmjs.org/@esbuild%2fopenbsd-x64 cache-miss
1380 http fetch GET 200 https://registry.npmjs.org/@esbuild%2fsunos-x64 66ms (cache miss)
1381 silly packumentCache full:https://registry.npmjs.org/@esbuild%2fsunos-x64 set size:undefined disposed:false
1382 silly fetch manifest @esbuild/win32-arm64@0.25.12
1383 silly packumentCache full:https://registry.npmjs.org/@esbuild%2fwin32-arm64 cache-miss
1384 http fetch GET 200 https://registry.npmjs.org/@esbuild%2fandroid-arm 65ms (cache miss)
1385 silly packumentCache full:https://registry.npmjs.org/@esbuild%2fandroid-arm set size:undefined disposed:false
1386 silly fetch manifest @esbuild/darwin-arm64@0.25.12
1387 silly packumentCache full:https://registry.npmjs.org/@esbuild%2fdarwin-arm64 cache-miss
1388 http fetch GET 200 https://registry.npmjs.org/@esbuild%2ffreebsd-x64 67ms (cache miss)
1389 silly packumentCache full:https://registry.npmjs.org/@esbuild%2ffreebsd-x64 set size:undefined disposed:false
1390 silly fetch manifest @esbuild/netbsd-arm64@0.25.12
1391 silly packumentCache full:https://registry.npmjs.org/@esbuild%2fnetbsd-arm64 cache-miss
1392 http fetch GET 200 https://registry.npmjs.org/@esbuild%2fdarwin-x64 74ms (cache miss)
1393 silly packumentCache full:https://registry.npmjs.org/@esbuild%2fdarwin-x64 set size:undefined disposed:false
1394 silly fetch manifest @esbuild/android-arm64@0.25.12
1395 silly packumentCache full:https://registry.npmjs.org/@esbuild%2fandroid-arm64 cache-miss
1396 http fetch GET 200 https://registry.npmjs.org/@esbuild%2flinux-x64 77ms (cache miss)
1397 silly packumentCache full:https://registry.npmjs.org/@esbuild%2flinux-x64 set size:undefined disposed:false
1398 silly fetch manifest @esbuild/freebsd-arm64@0.25.12
1399 silly packumentCache full:https://registry.npmjs.org/@esbuild%2ffreebsd-arm64 cache-miss
1400 http fetch GET 200 https://registry.npmjs.org/@esbuild%2fwin32-ia32 78ms (cache miss)
1401 silly packumentCache full:https://registry.npmjs.org/@esbuild%2fwin32-ia32 set size:undefined disposed:false
1402 silly fetch manifest @esbuild/linux-loong64@0.25.12
1403 silly packumentCache full:https://registry.npmjs.org/@esbuild%2flinux-loong64 cache-miss
1404 http fetch GET 200 https://registry.npmjs.org/@esbuild%2fandroid-x64 81ms (cache miss)
1405 silly packumentCache full:https://registry.npmjs.org/@esbuild%2fandroid-x64 set size:undefined disposed:false
1406 silly fetch manifest @esbuild/linux-riscv64@0.25.12
1407 silly packumentCache full:https://registry.npmjs.org/@esbuild%2flinux-riscv64 cache-miss
1408 http fetch GET 200 https://registry.npmjs.org/@esbuild%2fwin32-x64 87ms (cache miss)
1409 silly packumentCache full:https://registry.npmjs.org/@esbuild%2fwin32-x64 set size:undefined disposed:false
1410 silly fetch manifest @esbuild/openbsd-arm64@0.25.12
1411 silly packumentCache full:https://registry.npmjs.org/@esbuild%2fopenbsd-arm64 cache-miss
1412 http fetch GET 200 https://registry.npmjs.org/@esbuild%2flinux-arm64 89ms (cache miss)
1413 silly packumentCache full:https://registry.npmjs.org/@esbuild%2flinux-arm64 set size:undefined disposed:false
1414 silly fetch manifest @esbuild/linux-mips64el@0.25.12
1415 silly packumentCache full:https://registry.npmjs.org/@esbuild%2flinux-mips64el cache-miss
1416 http fetch GET 200 https://registry.npmjs.org/@esbuild%2flinux-ppc64 47ms (cache miss)
1417 silly packumentCache full:https://registry.npmjs.org/@esbuild%2flinux-ppc64 set size:undefined disposed:false
1418 silly fetch manifest @esbuild/openharmony-arm64@0.25.12
1419 silly packumentCache full:https://registry.npmjs.org/@esbuild%2fopenharmony-arm64 cache-miss
1420 http fetch GET 200 https://registry.npmjs.org/@esbuild%2flinux-s390x 46ms (cache miss)
1421 silly packumentCache full:https://registry.npmjs.org/@esbuild%2flinux-s390x set size:undefined disposed:false
1422 silly fetch manifest nanoid@^3.3.17
1423 silly packumentCache full:https://registry.npmjs.org/nanoid cache-miss
1424 http fetch GET 200 https://registry.npmjs.org/@esbuild%2fopenbsd-x64 56ms (cache miss)
1425 silly packumentCache full:https://registry.npmjs.org/@esbuild%2fopenbsd-x64 set size:undefined disposed:false
1426 silly fetch manifest source-map-js@^1.2.1
1427 silly packumentCache full:https://registry.npmjs.org/source-map-js cache-miss
1428 http fetch GET 200 https://registry.npmjs.org/@esbuild%2fnetbsd-arm64 58ms (cache miss)
1429 silly packumentCache full:https://registry.npmjs.org/@esbuild%2fnetbsd-arm64 set size:undefined disposed:false
1430 silly fetch manifest @types/estree@1.0.9
1431 silly packumentCache full:https://registry.npmjs.org/@types%2festree cache-miss
1432 http fetch GET 200 https://registry.npmjs.org/@esbuild%2fdarwin-arm64 68ms (cache miss)
1433 silly packumentCache full:https://registry.npmjs.org/@esbuild%2fdarwin-arm64 set size:undefined disposed:false
1434 silly fetch manifest @rollup/rollup-darwin-x64@4.63.1
1435 silly packumentCache full:https://registry.npmjs.org/@rollup%2frollup-darwin-x64 cache-miss
1436 http fetch GET 200 https://registry.npmjs.org/@esbuild%2fandroid-arm64 66ms (cache miss)
1437 silly packumentCache full:https://registry.npmjs.org/@esbuild%2fandroid-arm64 set size:undefined disposed:false
1438 silly fetch manifest @rollup/rollup-freebsd-x64@4.63.1
1439 silly packumentCache full:https://registry.npmjs.org/@rollup%2frollup-freebsd-x64 cache-miss
1440 http fetch GET 200 https://registry.npmjs.org/@esbuild%2fwin32-arm64 77ms (cache miss)
1441 silly packumentCache full:https://registry.npmjs.org/@esbuild%2fwin32-arm64 set size:undefined disposed:false
1442 silly fetch manifest @rollup/rollup-openbsd-x64@4.63.1
1443 silly packumentCache full:https://registry.npmjs.org/@rollup%2frollup-openbsd-x64 cache-miss
1444 http fetch GET 200 https://registry.npmjs.org/@esbuild%2ffreebsd-arm64 67ms (cache miss)
1445 silly packumentCache full:https://registry.npmjs.org/@esbuild%2ffreebsd-arm64 set size:undefined disposed:false
1446 silly fetch manifest @napi-rs/lzma-linux-x64-gnu@1.5.1
1447 silly packumentCache full:https://registry.npmjs.org/@napi-rs%2flzma-linux-x64-gnu cache-miss
1448 http fetch GET 200 https://registry.npmjs.org/@esbuild%2flinux-loong64 68ms (cache miss)
1449 silly packumentCache full:https://registry.npmjs.org/@esbuild%2flinux-loong64 set size:undefined disposed:false
1450 silly fetch manifest @rollup/rollup-darwin-arm64@4.63.1
1451 silly packumentCache full:https://registry.npmjs.org/@rollup%2frollup-darwin-arm64 cache-miss
1452 http fetch GET 200 https://registry.npmjs.org/@esbuild%2fopenbsd-arm64 70ms (cache miss)
1453 silly packumentCache full:https://registry.npmjs.org/@esbuild%2fopenbsd-arm64 set size:undefined disposed:false
1454 silly fetch manifest @rollup/rollup-android-arm64@4.63.1
1455 silly packumentCache full:https://registry.npmjs.org/@rollup%2frollup-android-arm64 cache-miss
1456 http fetch GET 200 https://registry.npmjs.org/source-map-js 40ms (cache miss)
1457 silly packumentCache full:https://registry.npmjs.org/source-map-js set size:undefined disposed:false
1458 silly fetch manifest @rollup/rollup-freebsd-arm64@4.63.1
1459 silly packumentCache full:https://registry.npmjs.org/@rollup%2frollup-freebsd-arm64 cache-miss
1460 http fetch GET 200 https://registry.npmjs.org/@esbuild%2flinux-riscv64 79ms (cache miss)
1461 silly packumentCache full:https://registry.npmjs.org/@esbuild%2flinux-riscv64 set size:undefined disposed:false
1462 silly fetch manifest @rollup/rollup-linux-x64-gnu@4.63.1
1463 silly packumentCache full:https://registry.npmjs.org/@rollup%2frollup-linux-x64-gnu cache-miss
1464 http fetch GET 200 https://registry.npmjs.org/@esbuild%2fopenharmony-arm64 62ms (cache miss)
1465 silly packumentCache full:https://registry.npmjs.org/@esbuild%2fopenharmony-arm64 set size:undefined disposed:false
1466 silly fetch manifest @rollup/rollup-win32-x64-gnu@4.63.1
1467 silly packumentCache full:https://registry.npmjs.org/@rollup%2frollup-win32-x64-gnu cache-miss
1468 http fetch GET 200 https://registry.npmjs.org/@esbuild%2flinux-mips64el 82ms (cache miss)
1469 silly packumentCache full:https://registry.npmjs.org/@esbuild%2flinux-mips64el set size:undefined disposed:false
1470 silly fetch manifest @rollup/rollup-linux-x64-musl@4.63.1
1471 silly packumentCache full:https://registry.npmjs.org/@rollup%2frollup-linux-x64-musl cache-miss
1472 http fetch GET 200 https://registry.npmjs.org/@types%2festree 48ms (cache miss)
1473 silly packumentCache full:https://registry.npmjs.org/@types%2festree set size:undefined disposed:false
1474 silly fetch manifest @rollup/rollup-win32-x64-msvc@4.63.1
1475 silly packumentCache full:https://registry.npmjs.org/@rollup%2frollup-win32-x64-msvc cache-miss
1476 http fetch GET 200 https://registry.npmjs.org/nanoid 74ms (cache miss)
1477 silly packumentCache full:https://registry.npmjs.org/nanoid set size:undefined disposed:false
1478 silly fetch manifest @rollup/rollup-linux-arm64-gnu@4.63.1
1479 silly packumentCache full:https://registry.npmjs.org/@rollup%2frollup-linux-arm64-gnu cache-miss
1480 http fetch GET 200 https://registry.npmjs.org/@rollup%2frollup-openbsd-x64 48ms (cache miss)
1481 silly packumentCache full:https://registry.npmjs.org/@rollup%2frollup-openbsd-x64 set size:undefined disposed:false
1482 silly fetch manifest @rollup/rollup-linux-ppc64-gnu@4.63.1
1483 silly packumentCache full:https://registry.npmjs.org/@rollup%2frollup-linux-ppc64-gnu cache-miss
1484 http fetch GET 200 https://registry.npmjs.org/@rollup%2frollup-freebsd-x64 53ms (cache miss)
1485 silly packumentCache full:https://registry.npmjs.org/@rollup%2frollup-freebsd-x64 set size:undefined disposed:false
1486 silly fetch manifest @rollup/rollup-linux-s390x-gnu@4.63.1
1487 silly packumentCache full:https://registry.npmjs.org/@rollup%2frollup-linux-s390x-gnu cache-miss
1488 http fetch GET 200 https://registry.npmjs.org/@napi-rs%2flzma-linux-x64-gnu 51ms (cache miss)
1489 silly packumentCache full:https://registry.npmjs.org/@napi-rs%2flzma-linux-x64-gnu set size:undefined disposed:false
1490 silly fetch manifest @rollup/rollup-win32-ia32-msvc@4.63.1
1491 silly packumentCache full:https://registry.npmjs.org/@rollup%2frollup-win32-ia32-msvc cache-miss
1492 http fetch GET 200 https://registry.npmjs.org/@rollup%2frollup-win32-x64-gnu 35ms (cache miss)
1493 silly packumentCache full:https://registry.npmjs.org/@rollup%2frollup-win32-x64-gnu set size:undefined disposed:false
1494 silly fetch manifest @rollup/rollup-android-arm-eabi@4.63.1
1495 silly packumentCache full:https://registry.npmjs.org/@rollup%2frollup-android-arm-eabi cache-miss
1496 http fetch GET 200 https://registry.npmjs.org/@rollup%2frollup-darwin-x64 69ms (cache miss)
1497 silly packumentCache full:https://registry.npmjs.org/@rollup%2frollup-darwin-x64 set size:undefined disposed:false
1498 silly fetch manifest @rollup/rollup-linux-arm64-musl@4.63.1
1499 silly packumentCache full:https://registry.npmjs.org/@rollup%2frollup-linux-arm64-musl cache-miss
1500 http fetch GET 200 https://registry.npmjs.org/@rollup%2frollup-darwin-arm64 69ms (cache miss)
1501 silly packumentCache full:https://registry.npmjs.org/@rollup%2frollup-darwin-arm64 set size:undefined disposed:false
1502 silly fetch manifest @rollup/rollup-linux-ppc64-musl@4.63.1
1503 silly packumentCache full:https://registry.npmjs.org/@rollup%2frollup-linux-ppc64-musl cache-miss
1504 http fetch GET 200 https://registry.npmjs.org/@rollup%2frollup-android-arm64 74ms (cache miss)
1505 silly packumentCache full:https://registry.npmjs.org/@rollup%2frollup-android-arm64 set size:undefined disposed:false
1506 silly fetch manifest @rollup/rollup-win32-arm64-msvc@4.63.1
1507 silly packumentCache full:https://registry.npmjs.org/@rollup%2frollup-win32-arm64-msvc cache-miss
1508 http fetch GET 200 https://registry.npmjs.org/@rollup%2frollup-freebsd-arm64 75ms (cache miss)
1509 silly packumentCache full:https://registry.npmjs.org/@rollup%2frollup-freebsd-arm64 set size:undefined disposed:false
1510 silly fetch manifest @rollup/rollup-linux-loong64-gnu@4.63.1
1511 silly packumentCache full:https://registry.npmjs.org/@rollup%2frollup-linux-loong64-gnu cache-miss
1512 http fetch GET 200 https://registry.npmjs.org/@rollup%2frollup-linux-ppc64-gnu 52ms (cache miss)
1513 silly packumentCache full:https://registry.npmjs.org/@rollup%2frollup-linux-ppc64-gnu set size:undefined disposed:false
1514 silly fetch manifest @rollup/rollup-linux-riscv64-gnu@4.63.1
1515 silly packumentCache full:https://registry.npmjs.org/@rollup%2frollup-linux-riscv64-gnu cache-miss
1516 http fetch GET 200 https://registry.npmjs.org/@rollup%2frollup-linux-x64-gnu 84ms (cache miss)
1517 silly packumentCache full:https://registry.npmjs.org/@rollup%2frollup-linux-x64-gnu set size:undefined disposed:false
1518 silly fetch manifest @rollup/rollup-openharmony-arm64@4.63.1
1519 silly packumentCache full:https://registry.npmjs.org/@rollup%2frollup-openharmony-arm64 cache-miss
1520 http fetch GET 200 https://registry.npmjs.org/@rollup%2frollup-linux-x64-musl 76ms (cache miss)
1521 silly packumentCache full:https://registry.npmjs.org/@rollup%2frollup-linux-x64-musl set size:undefined disposed:false
1522 silly fetch manifest @rollup/rollup-linux-loong64-musl@4.63.1
1523 silly packumentCache full:https://registry.npmjs.org/@rollup%2frollup-linux-loong64-musl cache-miss
1524 http fetch GET 200 https://registry.npmjs.org/@rollup%2frollup-linux-arm64-gnu 69ms (cache miss)
1525 silly packumentCache full:https://registry.npmjs.org/@rollup%2frollup-linux-arm64-gnu set size:undefined disposed:false
1526 silly fetch manifest @rollup/rollup-linux-riscv64-musl@4.63.1
1527 silly packumentCache full:https://registry.npmjs.org/@rollup%2frollup-linux-riscv64-musl cache-miss
1528 http fetch GET 200 https://registry.npmjs.org/@rollup%2frollup-win32-x64-msvc 78ms (cache miss)
1529 silly packumentCache full:https://registry.npmjs.org/@rollup%2frollup-win32-x64-msvc set size:undefined disposed:false
1530 silly fetch manifest @rollup/rollup-linux-arm-gnueabihf@4.63.1
1531 silly packumentCache full:https://registry.npmjs.org/@rollup%2frollup-linux-arm-gnueabihf cache-miss
1532 http fetch GET 200 https://registry.npmjs.org/@rollup%2frollup-linux-s390x-gnu 67ms (cache miss)
1533 silly packumentCache full:https://registry.npmjs.org/@rollup%2frollup-linux-s390x-gnu set size:undefined disposed:false
1534 silly fetch manifest @rollup/rollup-linux-arm-musleabihf@4.63.1
1535 silly packumentCache full:https://registry.npmjs.org/@rollup%2frollup-linux-arm-musleabihf cache-miss
1536 http fetch GET 200 https://registry.npmjs.org/@rollup%2frollup-linux-ppc64-musl 45ms (cache miss)
1537 silly packumentCache full:https://registry.npmjs.org/@rollup%2frollup-linux-ppc64-musl set size:undefined disposed:false
1538 http fetch GET 200 https://registry.npmjs.org/@rollup%2frollup-win32-ia32-msvc 70ms (cache miss)
1539 silly packumentCache full:https://registry.npmjs.org/@rollup%2frollup-win32-ia32-msvc set size:undefined disposed:false
1540 http fetch GET 200 https://registry.npmjs.org/@rollup%2frollup-linux-arm64-musl 64ms (cache miss)
1541 silly packumentCache full:https://registry.npmjs.org/@rollup%2frollup-linux-arm64-musl set size:undefined disposed:false
1542 http fetch GET 200 https://registry.npmjs.org/@rollup%2frollup-linux-loong64-gnu 38ms (cache miss)
1543 silly packumentCache full:https://registry.npmjs.org/@rollup%2frollup-linux-loong64-gnu set size:undefined disposed:false
1544 http fetch GET 200 https://registry.npmjs.org/@rollup%2frollup-linux-riscv64-gnu 34ms (cache miss)
1545 silly packumentCache full:https://registry.npmjs.org/@rollup%2frollup-linux-riscv64-gnu set size:undefined disposed:false
1546 http fetch GET 200 https://registry.npmjs.org/@rollup%2frollup-openharmony-arm64 41ms (cache miss)
1547 silly packumentCache full:https://registry.npmjs.org/@rollup%2frollup-openharmony-arm64 set size:undefined disposed:false
1548 http fetch GET 200 https://registry.npmjs.org/@rollup%2frollup-linux-riscv64-musl 40ms (cache miss)
1549 silly packumentCache full:https://registry.npmjs.org/@rollup%2frollup-linux-riscv64-musl set size:undefined disposed:false
1550 http fetch GET 200 https://registry.npmjs.org/@rollup%2frollup-linux-arm-gnueabihf 40ms (cache miss)
1551 silly packumentCache full:https://registry.npmjs.org/@rollup%2frollup-linux-arm-gnueabihf set size:undefined disposed:false
1552 http fetch GET 200 https://registry.npmjs.org/@rollup%2frollup-linux-loong64-musl 52ms (cache miss)
1553 silly packumentCache full:https://registry.npmjs.org/@rollup%2frollup-linux-loong64-musl set size:undefined disposed:false
1554 http fetch GET 200 https://registry.npmjs.org/@esbuild%2fnetbsd-x64 309ms (cache miss)
1555 silly packumentCache full:https://registry.npmjs.org/@esbuild%2fnetbsd-x64 set size:undefined disposed:false
1556 http fetch GET 200 https://registry.npmjs.org/@rollup%2frollup-win32-arm64-msvc 310ms (cache miss)
1557 silly packumentCache full:https://registry.npmjs.org/@rollup%2frollup-win32-arm64-msvc set size:undefined disposed:false
1558 http fetch GET 200 https://registry.npmjs.org/@rollup%2frollup-android-arm-eabi 348ms (cache miss)
1559 silly packumentCache full:https://registry.npmjs.org/@rollup%2frollup-android-arm-eabi set size:undefined disposed:false
1560 http fetch GET 200 https://registry.npmjs.org/@rollup%2frollup-linux-arm-musleabihf 296ms (cache miss)
1561 silly packumentCache full:https://registry.npmjs.org/@rollup%2frollup-linux-arm-musleabihf set size:undefined disposed:false
1562 silly placeDep ROOT @esbuild/aix-ppc64@0.25.12 OK for: esbuild@0.25.12 want: 0.25.12
1563 silly placeDep ROOT @esbuild/android-arm@0.25.12 OK for: esbuild@0.25.12 want: 0.25.12
1564 silly placeDep ROOT @esbuild/android-arm64@0.25.12 OK for: esbuild@0.25.12 want: 0.25.12
1565 silly placeDep ROOT @esbuild/android-x64@0.25.12 OK for: esbuild@0.25.12 want: 0.25.12
1566 silly placeDep ROOT @esbuild/darwin-arm64@0.25.12 OK for: esbuild@0.25.12 want: 0.25.12
1567 silly placeDep ROOT @esbuild/darwin-x64@0.25.12 OK for: esbuild@0.25.12 want: 0.25.12
1568 silly placeDep ROOT @esbuild/freebsd-arm64@0.25.12 OK for: esbuild@0.25.12 want: 0.25.12
1569 silly placeDep ROOT @esbuild/freebsd-x64@0.25.12 OK for: esbuild@0.25.12 want: 0.25.12
1570 silly placeDep ROOT @esbuild/linux-arm@0.25.12 OK for: esbuild@0.25.12 want: 0.25.12
1571 silly placeDep ROOT @esbuild/linux-arm64@0.25.12 OK for: esbuild@0.25.12 want: 0.25.12
1572 silly placeDep ROOT @esbuild/linux-ia32@0.25.12 OK for: esbuild@0.25.12 want: 0.25.12
1573 silly placeDep ROOT @esbuild/linux-loong64@0.25.12 OK for: esbuild@0.25.12 want: 0.25.12
1574 silly placeDep ROOT @esbuild/linux-mips64el@0.25.12 OK for: esbuild@0.25.12 want: 0.25.12
1575 silly placeDep ROOT @esbuild/linux-ppc64@0.25.12 OK for: esbuild@0.25.12 want: 0.25.12
1576 silly placeDep ROOT @esbuild/linux-riscv64@0.25.12 OK for: esbuild@0.25.12 want: 0.25.12
1577 silly placeDep ROOT @esbuild/linux-s390x@0.25.12 OK for: esbuild@0.25.12 want: 0.25.12
1578 silly placeDep ROOT @esbuild/linux-x64@0.25.12 OK for: esbuild@0.25.12 want: 0.25.12
1579 silly placeDep ROOT @esbuild/netbsd-arm64@0.25.12 OK for: esbuild@0.25.12 want: 0.25.12
1580 silly placeDep ROOT @esbuild/netbsd-x64@0.25.12 OK for: esbuild@0.25.12 want: 0.25.12
1581 silly placeDep ROOT @esbuild/openbsd-arm64@0.25.12 OK for: esbuild@0.25.12 want: 0.25.12
1582 silly placeDep ROOT @esbuild/openbsd-x64@0.25.12 OK for: esbuild@0.25.12 want: 0.25.12
1583 silly placeDep ROOT @esbuild/openharmony-arm64@0.25.12 OK for: esbuild@0.25.12 want: 0.25.12
1584 silly placeDep ROOT @esbuild/sunos-x64@0.25.12 OK for: esbuild@0.25.12 want: 0.25.12
1585 silly placeDep ROOT @esbuild/win32-arm64@0.25.12 OK for: esbuild@0.25.12 want: 0.25.12
1586 silly placeDep ROOT @esbuild/win32-ia32@0.25.12 OK for: esbuild@0.25.12 want: 0.25.12
1587 silly placeDep ROOT @esbuild/win32-x64@0.25.12 OK for: esbuild@0.25.12 want: 0.25.12
1588 silly placeDep ROOT nanoid@3.3.18 OK for: postcss@8.5.26 want: ^3.3.17
1589 silly placeDep ROOT source-map-js@1.2.1 OK for: postcss@8.5.26 want: ^1.2.1
1590 silly placeDep ROOT @napi-rs/lzma-linux-x64-gnu@1.5.1 OK for: rollup@4.63.1 want: 1.5.1
1591 silly placeDep ROOT @rollup/rollup-android-arm-eabi@4.63.1 OK for: rollup@4.63.1 want: 4.63.1
1592 silly placeDep ROOT @rollup/rollup-android-arm64@4.63.1 OK for: rollup@4.63.1 want: 4.63.1
1593 silly placeDep ROOT @rollup/rollup-darwin-arm64@4.63.1 OK for: rollup@4.63.1 want: 4.63.1
1594 silly placeDep ROOT @rollup/rollup-darwin-x64@4.63.1 OK for: rollup@4.63.1 want: 4.63.1
1595 silly placeDep ROOT @rollup/rollup-freebsd-arm64@4.63.1 OK for: rollup@4.63.1 want: 4.63.1
1596 silly placeDep ROOT @rollup/rollup-freebsd-x64@4.63.1 OK for: rollup@4.63.1 want: 4.63.1
1597 silly placeDep ROOT @rollup/rollup-linux-arm-gnueabihf@4.63.1 OK for: rollup@4.63.1 want: 4.63.1
1598 silly placeDep ROOT @rollup/rollup-linux-arm-musleabihf@4.63.1 OK for: rollup@4.63.1 want: 4.63.1
1599 silly placeDep ROOT @rollup/rollup-linux-arm64-gnu@4.63.1 OK for: rollup@4.63.1 want: 4.63.1
1600 silly placeDep ROOT @rollup/rollup-linux-arm64-musl@4.63.1 OK for: rollup@4.63.1 want: 4.63.1
1601 silly placeDep ROOT @rollup/rollup-linux-loong64-gnu@4.63.1 OK for: rollup@4.63.1 want: 4.63.1
1602 silly placeDep ROOT @rollup/rollup-linux-loong64-musl@4.63.1 OK for: rollup@4.63.1 want: 4.63.1
1603 silly placeDep ROOT @rollup/rollup-linux-ppc64-gnu@4.63.1 OK for: rollup@4.63.1 want: 4.63.1
1604 silly placeDep ROOT @rollup/rollup-linux-ppc64-musl@4.63.1 OK for: rollup@4.63.1 want: 4.63.1
1605 silly placeDep ROOT @rollup/rollup-linux-riscv64-gnu@4.63.1 OK for: rollup@4.63.1 want: 4.63.1
1606 silly placeDep ROOT @rollup/rollup-linux-riscv64-musl@4.63.1 OK for: rollup@4.63.1 want: 4.63.1
1607 silly placeDep ROOT @rollup/rollup-linux-s390x-gnu@4.63.1 OK for: rollup@4.63.1 want: 4.63.1
1608 silly placeDep ROOT @rollup/rollup-linux-x64-gnu@4.63.1 OK for: rollup@4.63.1 want: 4.63.1
1609 silly placeDep ROOT @rollup/rollup-linux-x64-musl@4.63.1 OK for: rollup@4.63.1 want: 4.63.1
1610 silly placeDep ROOT @rollup/rollup-openbsd-x64@4.63.1 OK for: rollup@4.63.1 want: 4.63.1
1611 silly placeDep ROOT @rollup/rollup-openharmony-arm64@4.63.1 OK for: rollup@4.63.1 want: 4.63.1
1612 silly placeDep ROOT @rollup/rollup-win32-arm64-msvc@4.63.1 OK for: rollup@4.63.1 want: 4.63.1
1613 silly placeDep ROOT @rollup/rollup-win32-ia32-msvc@4.63.1 OK for: rollup@4.63.1 want: 4.63.1
1614 silly placeDep ROOT @rollup/rollup-win32-x64-gnu@4.63.1 OK for: rollup@4.63.1 want: 4.63.1
1615 silly placeDep ROOT @rollup/rollup-win32-x64-msvc@4.63.1 OK for: rollup@4.63.1 want: 4.63.1
1616 silly placeDep ROOT @types/estree@1.0.9 OK for: rollup@4.63.1 want: 1.0.9
1617 silly placeDep node_modules/geojson-polygon-self-intersections quickselect@1.1.1 OK for: rbush@2.0.2 want: ^1.0.1
1618 silly reify moves {}
1619 silly audit bulk request {
1619 silly audit   '@turf/turf': [ '7.4.0' ],
1619 silly audit   '@types/react': [ '19.2.18' ],
1619 silly audit   '@types/react-dom': [ '19.2.5' ],
1619 silly audit   '@vitejs/plugin-react': [ '4.7.0' ],
1619 silly audit   vite: [ '6.4.3' ],
1619 silly audit   'maplibre-gl': [ '5.24.0' ],
1619 silly audit   pmtiles: [ '4.5.0' ],
1619 silly audit   react: [ '19.2.8' ],
1619 silly audit   'react-dom': [ '19.2.8' ],
1619 silly audit   typescript: [ '5.7.3' ],
1619 silly audit   '@turf/along': [ '7.4.0' ],
1619 silly audit   '@turf/angle': [ '7.4.0' ],
1619 silly audit   '@turf/area': [ '7.4.0' ],
1619 silly audit   '@turf/bbox': [ '7.4.0' ],
1619 silly audit   '@turf/bbox-clip': [ '7.4.0' ],
1619 silly audit   '@turf/bbox-polygon': [ '7.4.0' ],
1619 silly audit   '@turf/bearing': [ '7.4.0' ],
1619 silly audit   '@turf/bezier-spline': [ '7.4.0' ],
1619 silly audit   '@turf/boolean-clockwise': [ '7.4.0' ],
1619 silly audit   '@turf/boolean-concave': [ '7.4.0' ],
1619 silly audit   '@turf/boolean-contains': [ '7.4.0' ],
1619 silly audit   '@turf/boolean-crosses': [ '7.4.0' ],
1619 silly audit   '@turf/boolean-disjoint': [ '7.4.0' ],
1619 silly audit   '@turf/boolean-equal': [ '7.4.0' ],
1619 silly audit   '@turf/boolean-intersects': [ '7.4.0' ],
1619 silly audit   '@turf/boolean-overlap': [ '7.4.0' ],
1619 silly audit   '@turf/boolean-parallel': [ '7.4.0' ],
1619 silly audit   '@turf/boolean-point-in-polygon': [ '7.4.0' ],
1619 silly audit   '@turf/boolean-point-on-line': [ '7.4.0' ],
1619 silly audit   '@turf/boolean-touches': [ '7.4.0' ],
1619 silly audit   '@turf/boolean-valid': [ '7.4.0' ],
1619 silly audit   '@turf/boolean-within': [ '7.4.0' ],
1619 silly audit   '@turf/buffer': [ '7.4.0' ],
1619 silly audit   '@turf/center': [ '7.4.0' ],
1619 silly audit   '@turf/center-mean': [ '7.4.0' ],
1619 silly audit   '@turf/center-median': [ '7.4.0' ],
1619 silly audit   '@turf/center-of-mass': [ '7.4.0' ],
1619 silly audit   '@turf/centroid': [ '7.4.0' ],
1619 silly audit   '@turf/circle': [ '7.4.0' ],
1619 silly audit   '@turf/clean-coords': [ '7.4.0' ],
1619 silly audit   '@turf/clone': [ '7.4.0' ],
1619 silly audit   '@turf/clusters': [ '7.4.0' ],
1619 silly audit   '@turf/clusters-dbscan': [ '7.4.0' ],
1619 silly audit   '@turf/clusters-kmeans': [ '7.4.0' ],
1619 silly audit   '@turf/collect': [ '7.4.0' ],
1619 silly audit   '@turf/combine': [ '7.4.0' ],
1619 silly audit   '@turf/concave': [ '7.4.0' ],
1619 silly audit   '@turf/convex': [ '7.4.0' ],
1619 silly audit   '@turf/destination': [ '7.4.0' ],
1619 silly audit   '@turf/difference': [ '7.4.0' ],
1619 silly audit   '@turf/directional-mean': [ '7.4.0' ],
1619 silly audit   '@turf/dissolve': [ '7.4.0' ],
1619 silly audit   '@turf/distance': [ '7.4.0' ],
1619 silly audit   '@turf/distance-weight': [ '7.4.0' ],
1619 silly audit   '@turf/ellipse': [ '7.4.0' ],
1619 silly audit   '@turf/envelope': [ '7.4.0' ],
1619 silly audit   '@turf/explode': [ '7.4.0' ],
1619 silly audit   '@turf/flatten': [ '7.4.0' ],
1619 silly audit   '@turf/flip': [ '7.4.0' ],
1619 silly audit   '@turf/geojson-rbush': [ '7.4.0' ],
1619 silly audit   '@turf/great-circle': [ '7.4.0' ],
1619 silly audit   '@turf/helpers': [ '7.4.0' ],
1619 silly audit   '@turf/hex-grid': [ '7.4.0' ],
1619 silly audit   '@turf/interpolate': [ '7.4.0' ],
1619 silly audit   '@turf/intersect': [ '7.4.0' ],
1619 silly audit   '@turf/invariant': [ '7.4.0' ],
1619 silly audit   '@turf/isobands': [ '7.4.0' ],
1619 silly audit   '@turf/isolines': [ '7.4.0' ],
1619 silly audit   '@turf/kinks': [ '7.4.0' ],
1619 silly audit   '@turf/length': [ '7.4.0' ],
1619 silly audit   '@turf/line-arc': [ '7.4.0' ],
1619 silly audit   '@turf/line-chunk': [ '7.4.0' ],
1619 silly audit   '@turf/line-intersect': [ '7.4.0' ],
1619 silly audit   '@turf/line-offset': [ '7.4.0' ],
1619 silly audit   '@turf/line-overlap': [ '7.4.0' ],
1619 silly audit   '@turf/line-segment': [ '7.4.0' ],
1619 silly audit   '@turf/line-slice': [ '7.4.0' ],
1619 silly audit   '@turf/line-slice-along': [ '7.4.0' ],
1619 silly audit   '@turf/line-split': [ '7.4.0' ],
1619 silly audit   '@turf/line-to-polygon': [ '7.4.0' ],
1619 silly audit   '@turf/mask': [ '7.4.0' ],
1619 silly audit   '@turf/meta': [ '7.4.0' ],
1619 silly audit   '@turf/midpoint': [ '7.4.0' ],
1619 silly audit   '@turf/moran-index': [ '7.4.0' ],
1619 silly audit   '@turf/nearest-neighbor-analysis': [ '7.4.0' ],
1619 silly audit   '@turf/nearest-point': [ '7.4.0' ],
1619 silly audit   '@turf/nearest-point-on-line': [ '7.4.0' ],
1619 silly audit   '@turf/nearest-point-to-line': [ '7.4.0' ],
1619 silly audit   '@turf/planepoint': [ '7.4.0' ],
1619 silly audit   '@turf/point-grid': [ '7.4.0' ],
1619 silly audit   '@turf/point-on-feature': [ '7.4.0' ],
1619 silly audit   '@turf/point-to-line-distance': [ '7.4.0' ],
1619 silly audit   '@turf/point-to-polygon-distance': [ '7.4.0' ],
1619 silly audit   '@turf/points-within-polygon': [ '7.4.0' ],
1619 silly audit   '@turf/polygon-smooth': [ '7.4.0' ],
1619 silly audit   '@turf/polygon-tangents': [ '7.4.0' ],
1619 silly audit   '@turf/polygon-to-line': [ '7.4.0' ],
1619 silly audit   '@turf/polygonize': [ '7.4.0' ],
1619 silly audit   '@turf/projection': [ '7.4.0' ],
1619 silly audit   '@turf/quadrat-analysis': [ '7.4.0' ],
1619 silly audit   '@turf/random': [ '7.4.0' ],
1619 silly audit   '@turf/rectangle-grid': [ '7.4.0' ],
1619 silly audit   '@turf/rewind': [ '7.4.0' ],
1619 silly audit   '@turf/rhumb-bearing': [ '7.4.0' ],
1619 silly audit   '@turf/rhumb-destination': [ '7.4.0' ],
1619 silly audit   '@turf/rhumb-distance': [ '7.4.0' ],
1619 silly audit   '@turf/sample': [ '7.4.0' ],
1619 silly audit   '@turf/sector': [ '7.4.0' ],
1619 silly audit   '@turf/shortest-path': [ '7.4.0' ],
1619 silly audit   '@turf/simplify': [ '7.4.0' ],
1619 silly audit   '@turf/square': [ '7.4.0' ],
1619 silly audit   '@turf/square-grid': [ '7.4.0' ],
1619 silly audit   '@turf/standard-deviational-ellipse': [ '7.4.0' ],
1619 silly audit   '@turf/tag': [ '7.4.0' ],
1619 silly audit   '@turf/tesselate': [ '7.4.0' ],
1619 silly audit   '@turf/tin': [ '7.4.0' ],
1619 silly audit   '@turf/transform-rotate': [ '7.4.0' ],
1619 silly audit   '@turf/transform-scale': [ '7.4.0' ],
1619 silly audit   '@turf/transform-translate': [ '7.4.0' ],
1619 silly audit   '@turf/triangle-grid': [ '7.4.0' ],
1619 silly audit   '@turf/truncate': [ '7.4.0' ],
1619 silly audit   '@turf/union': [ '7.4.0' ],
1619 silly audit   '@turf/unkink-polygon': [ '7.4.0' ],
1619 silly audit   '@turf/voronoi': [ '7.4.0' ],
1619 silly audit   '@types/geojson': [ '7946.0.16' ],
1619 silly audit   '@types/kdbush': [ '3.0.5' ],
1619 silly audit   tslib: [ '2.8.1' ],
1619 silly audit   'geojson-equality-ts': [ '1.0.2' ],
1619 silly audit   'point-in-polygon-hao': [ '1.2.4' ],
1619 silly audit   'geojson-polygon-self-intersections': [ '1.2.2' ],
1619 silly audit   '@turf/jsts': [ '2.7.2' ],
1619 silly audit   'd3-geo': [ '2.0.2' ],
1619 silly audit   rbush: [ '3.0.1', '2.0.2' ],
1619 silly audit   skmeans: [ '0.9.7' ],
1619 silly audit   'topojson-client': [ '3.1.0' ],
1619 silly audit   'topojson-server': [ '3.0.1' ],
1619 silly audit   concaveman: [ '1.2.1' ],
1619 silly audit   'polyclip-ts': [ '0.16.8' ],
1619 silly audit   arc: [ '0.2.0' ],
1619 silly audit   jsts: [ '2.7.1' ],
1619 silly audit   'robust-predicates': [ '2.0.4', '3.0.3' ],
1619 silly audit   tinyqueue: [ '2.0.3', '3.0.0' ],
1619 silly audit   'fast-deep-equal': [ '3.1.3' ],
1619 silly audit   '@types/earcut': [ '2.1.4' ],
1619 silly audit   earcut: [ '2.2.4', '3.2.3' ],
1619 silly audit   '@types/d3-voronoi': [ '1.1.12' ],
1619 silly audit   'd3-voronoi': [ '1.1.2' ],
1619 silly audit   csstype: [ '3.2.3' ],
1619 silly audit   '@babel/core': [ '7.29.7' ],
1619 silly audit   '@babel/plugin-transform-react-jsx-self': [ '7.29.7' ],
1619 silly audit   '@babel/plugin-transform-react-jsx-source': [ '7.29.7' ],
1619 silly audit   '@rolldown/pluginutils': [ '1.0.0-beta.27' ],
1619 silly audit   '@types/babel__core': [ '7.20.5' ],
1619 silly audit   'react-refresh': [ '0.17.0' ],
1619 silly audit   '@babel/code-frame': [ '7.29.7' ],
1619 silly audit   '@babel/generator': [ '7.29.8' ],
1619 silly audit   '@babel/helper-compilation-targets': [ '7.29.7' ],
1619 silly audit   '@babel/helper-module-transforms': [ '7.29.7' ],
1619 silly audit   '@babel/helpers': [ '7.29.7' ],
1619 silly audit   '@babel/parser': [ '7.29.8' ],
1619 silly audit   '@babel/template': [ '7.29.7' ],
1619 silly audit   '@babel/traverse': [ '7.29.8' ],
1619 silly audit   '@babel/types': [ '7.29.8' ],
1619 silly audit   '@jridgewell/remapping': [ '2.3.5' ],
1619 silly audit   'convert-source-map': [ '2.0.0' ],
1619 silly audit   debug: [ '4.4.3' ],
1619 silly audit   gensync: [ '1.0.0-beta.2' ],
1619 silly audit   json5: [ '2.2.3' ],
1619 silly audit   semver: [ '6.3.1' ],
1619 silly audit   '@babel/helper-validator-identifier': [ '7.29.7' ],
1619 silly audit   'js-tokens': [ '4.0.0' ],
1619 silly audit   picocolors: [ '1.1.1' ],
1619 silly audit   '@jridgewell/gen-mapping': [ '0.3.13' ],
1619 silly audit   '@jridgewell/trace-mapping': [ '0.3.31' ],
1619 silly audit   jsesc: [ '3.1.0' ],
1619 silly audit   '@babel/compat-data': [ '7.29.7' ],
1619 silly audit   '@babel/helper-validator-option': [ '7.29.7' ],
1619 silly audit   browserslist: [ '4.28.8' ],
1619 silly audit   'lru-cache': [ '5.1.1' ],
1619 silly audit   '@babel/helper-module-imports': [ '7.29.7' ],
1619 silly audit   '@babel/helper-plugin-utils': [ '7.29.7' ],
1619 silly audit   '@babel/helper-globals': [ '7.29.7' ],
1619 silly audit   '@babel/helper-string-parser': [ '7.29.7' ],
1619 silly audit   '@jridgewell/sourcemap-codec': [ '1.6.0' ],
1619 silly audit   '@jridgewell/resolve-uri': [ '3.1.2' ],
1619 silly audit   '@types/babel__generator': [ '7.27.0' ],
1619 silly audit   '@types/babel__template': [ '7.4.4' ],
1619 silly audit   '@types/babel__traverse': [ '7.28.0' ],
1619 silly audit   'baseline-browser-mapping': [ '2.11.20' ],
1619 silly audit   'caniuse-lite': [ '1.0.30001810' ],
1619 silly audit   'electron-to-chromium': [ '1.5.416' ],
1619 silly audit   'node-releases': [ '2.0.54' ],
1619 silly audit   'update-browserslist-db': [ '1.3.2' ],
1619 silly audit   'point-in-polygon': [ '1.1.0' ],
1619 silly audit   'd3-array': [ '2.12.1' ],
1619 silly audit   internmap: [ '1.0.1' ],
1619 silly audit   ms: [ '2.1.3' ],
1619 silly audit   yallist: [ '3.1.1' ],
1619 silly audit   '@mapbox/jsonlint-lines-primitives': [ '2.0.3' ],
1619 silly audit   '@mapbox/point-geometry': [ '1.1.0' ],
1619 silly audit   '@mapbox/tiny-sdf': [ '2.2.0' ],
1619 silly audit   '@mapbox/unitbezier': [ '0.0.1', '1.0.0' ],
1619 silly audit   '@mapbox/vector-tile': [ '2.0.5' ],
1619 silly audit   '@mapbox/whoots-js': [ '3.1.0' ],
1619 silly audit   '@maplibre/geojson-vt': [ '6.1.1' ],
1619 silly audit   '@maplibre/maplibre-gl-style-spec': [ '24.10.0' ],
1619 silly audit   '@maplibre/mlt': [ '1.2.0' ],
1619 silly audit   '@maplibre/vt-pbf': [ '4.3.2' ],
1619 silly audit   'gl-matrix': [ '3.4.4' ],
1619 silly audit   kdbush: [ '4.1.0' ],
1619 silly audit   'murmurhash-js': [ '1.0.0' ],
1619 silly audit   pbf: [ '4.0.2', '5.1.2' ],
1619 silly audit   potpack: [ '2.1.0' ],
1619 silly audit   quickselect: [ '3.0.0', '2.0.0', '1.1.1' ],
1619 silly audit   'json-stringify-pretty-compact': [ '4.0.0' ],
1619 silly audit   minimist: [ '1.2.8' ],
1619 silly audit   'resolve-protobuf-schema': [ '2.1.0' ],
1619 silly audit   fflate: [ '0.8.3' ],
1619 silly audit   'bignumber.js': [ '9.3.1' ],
1619 silly audit   'splaytree-ts': [ '1.0.2' ],
1619 silly audit   scheduler: [ '0.27.0' ],
1619 silly audit   'protocol-buffers-schema': [ '3.6.1' ],
1619 silly audit   commander: [ '2.20.3' ],
1619 silly audit   escalade: [ '3.2.0' ],
1619 silly audit   esbuild: [ '0.25.12' ],
1619 silly audit   fdir: [ '6.5.0' ],
1619 silly audit   fsevents: [ '2.3.3' ],
1619 silly audit   picomatch: [ '4.0.7' ],
1619 silly audit   postcss: [ '8.5.26' ],
1619 silly audit   rollup: [ '4.63.1' ],
1619 silly audit   tinyglobby: [ '0.2.17' ],
1619 silly audit   '@esbuild/aix-ppc64': [ '0.25.12' ],
1619 silly audit   '@esbuild/android-arm': [ '0.25.12' ],
1619 silly audit   '@esbuild/android-arm64': [ '0.25.12' ],
1619 silly audit   '@esbuild/android-x64': [ '0.25.12' ],
1619 silly audit   '@esbuild/darwin-arm64': [ '0.25.12' ],
1619 silly audit   '@esbuild/darwin-x64': [ '0.25.12' ],
1619 silly audit   '@esbuild/freebsd-arm64': [ '0.25.12' ],
1619 silly audit   '@esbuild/freebsd-x64': [ '0.25.12' ],
1619 silly audit   '@esbuild/linux-arm': [ '0.25.12' ],
1619 silly audit   '@esbuild/linux-arm64': [ '0.25.12' ],
1619 silly audit   '@esbuild/linux-ia32': [ '0.25.12' ],
1619 silly audit   '@esbuild/linux-loong64': [ '0.25.12' ],
1619 silly audit   '@esbuild/linux-mips64el': [ '0.25.12' ],
1619 silly audit   '@esbuild/linux-ppc64': [ '0.25.12' ],
1619 silly audit   '@esbuild/linux-riscv64': [ '0.25.12' ],
1619 silly audit   '@esbuild/linux-s390x': [ '0.25.12' ],
1619 silly audit   '@esbuild/linux-x64': [ '0.25.12' ],
1619 silly audit   '@esbuild/netbsd-arm64': [ '0.25.12' ],
1619 silly audit   '@esbuild/netbsd-x64': [ '0.25.12' ],
1619 silly audit   '@esbuild/openbsd-arm64': [ '0.25.12' ],
1619 silly audit   '@esbuild/openbsd-x64': [ '0.25.12' ],
1619 silly audit   '@esbuild/openharmony-arm64': [ '0.25.12' ],
1619 silly audit   '@esbuild/sunos-x64': [ '0.25.12' ],
1619 silly audit   '@esbuild/win32-arm64': [ '0.25.12' ],
1619 silly audit   '@esbuild/win32-ia32': [ '0.25.12' ],
1619 silly audit   '@esbuild/win32-x64': [ '0.25.12' ],
1619 silly audit   nanoid: [ '3.3.18' ],
1619 silly audit   'source-map-js': [ '1.2.1' ],
1619 silly audit   '@napi-rs/lzma-linux-x64-gnu': [ '1.5.1' ],
1619 silly audit   '@rollup/rollup-android-arm-eabi': [ '4.63.1' ],
1619 silly audit   '@rollup/rollup-android-arm64': [ '4.63.1' ],
1619 silly audit   '@rollup/rollup-darwin-arm64': [ '4.63.1' ],
1619 silly audit   '@rollup/rollup-darwin-x64': [ '4.63.1' ],
1619 silly audit   '@rollup/rollup-freebsd-arm64': [ '4.63.1' ],
1619 silly audit   '@rollup/rollup-freebsd-x64': [ '4.63.1' ],
1619 silly audit   '@rollup/rollup-linux-arm-gnueabihf': [ '4.63.1' ],
1619 silly audit   '@rollup/rollup-linux-arm-musleabihf': [ '4.63.1' ],
1619 silly audit   '@rollup/rollup-linux-arm64-gnu': [ '4.63.1' ],
1619 silly audit   '@rollup/rollup-linux-arm64-musl': [ '4.63.1' ],
1619 silly audit   '@rollup/rollup-linux-loong64-gnu': [ '4.63.1' ],
1619 silly audit   '@rollup/rollup-linux-loong64-musl': [ '4.63.1' ],
1619 silly audit   '@rollup/rollup-linux-ppc64-gnu': [ '4.63.1' ],
1619 silly audit   '@rollup/rollup-linux-ppc64-musl': [ '4.63.1' ],
1619 silly audit   '@rollup/rollup-linux-riscv64-gnu': [ '4.63.1' ],
1619 silly audit   '@rollup/rollup-linux-riscv64-musl': [ '4.63.1' ],
1619 silly audit   '@rollup/rollup-linux-s390x-gnu': [ '4.63.1' ],
1619 silly audit   '@rollup/rollup-linux-x64-gnu': [ '4.63.1' ],
1619 silly audit   '@rollup/rollup-linux-x64-musl': [ '4.63.1' ],
1619 silly audit   '@rollup/rollup-openbsd-x64': [ '4.63.1' ],
1619 silly audit   '@rollup/rollup-openharmony-arm64': [ '4.63.1' ],
1619 silly audit   '@rollup/rollup-win32-arm64-msvc': [ '4.63.1' ],
1619 silly audit   '@rollup/rollup-win32-ia32-msvc': [ '4.63.1' ],
1619 silly audit   '@rollup/rollup-win32-x64-gnu': [ '4.63.1' ],
1619 silly audit   '@rollup/rollup-win32-x64-msvc': [ '4.63.1' ],
1619 silly audit   '@types/estree': [ '1.0.9' ]
1619 silly audit }
1620 http cache @types/estree@https://registry.npmjs.org/@types/estree/-/estree-1.0.9.tgz 0ms (cache hit)
1621 http cache tinyglobby@https://registry.npmjs.org/tinyglobby/-/tinyglobby-0.2.17.tgz 0ms (cache hit)
1622 http cache nanoid@https://registry.npmjs.org/nanoid/-/nanoid-3.3.18.tgz 0ms (cache hit)
1623 http cache @rollup/rollup-win32-x64-gnu@https://registry.npmjs.org/@rollup/rollup-win32-x64-gnu/-/rollup-win32-x64-gnu-4.63.1.tgz 0ms (cache hit)
1624 http cache @esbuild/win32-x64@https://registry.npmjs.org/@esbuild/win32-x64/-/win32-x64-0.25.12.tgz 0ms (cache hit)
1625 http cache postcss@https://registry.npmjs.org/postcss/-/postcss-8.5.26.tgz 0ms (cache hit)
1626 http cache rollup@https://registry.npmjs.org/rollup/-/rollup-4.63.1.tgz 0ms (cache hit)
1627 http cache fdir@https://registry.npmjs.org/fdir/-/fdir-6.5.0.tgz 0ms (cache hit)
1628 http cache picomatch@https://registry.npmjs.org/picomatch/-/picomatch-4.0.7.tgz 0ms (cache hit)
1629 http cache esbuild@https://registry.npmjs.org/esbuild/-/esbuild-0.25.12.tgz 0ms (cache hit)
1630 http cache @rollup/rollup-win32-x64-msvc@https://registry.npmjs.org/@rollup/rollup-win32-x64-msvc/-/rollup-win32-x64-msvc-4.63.1.tgz 0ms (cache hit)
1631 http cache source-map-js@https://registry.npmjs.org/source-map-js/-/source-map-js-1.2.1.tgz 0ms (cache hit)
1632 http cache protocol-buffers-schema@https://registry.npmjs.org/protocol-buffers-schema/-/protocol-buffers-schema-3.6.1.tgz 0ms (cache hit)
1633 http cache escalade@https://registry.npmjs.org/escalade/-/escalade-3.2.0.tgz 0ms (cache hit)
1634 http cache fflate@https://registry.npmjs.org/fflate/-/fflate-0.8.3.tgz 0ms (cache hit)
1635 http cache commander@https://registry.npmjs.org/commander/-/commander-2.20.3.tgz 0ms (cache hit)
1636 http cache scheduler@https://registry.npmjs.org/scheduler/-/scheduler-0.27.0.tgz 0ms (cache hit)
1637 http cache bignumber.js@https://registry.npmjs.org/bignumber.js/-/bignumber.js-9.3.1.tgz 0ms (cache hit)
1638 http cache splaytree-ts@https://registry.npmjs.org/splaytree-ts/-/splaytree-ts-1.0.2.tgz 0ms (cache hit)
1639 http cache quickselect@https://registry.npmjs.org/quickselect/-/quickselect-3.0.0.tgz 0ms (cache hit)
1640 http cache minimist@https://registry.npmjs.org/minimist/-/minimist-1.2.8.tgz 0ms (cache hit)
1641 http cache resolve-protobuf-schema@https://registry.npmjs.org/resolve-protobuf-schema/-/resolve-protobuf-schema-2.1.0.tgz 0ms (cache hit)
1642 http cache pbf@https://registry.npmjs.org/pbf/-/pbf-4.0.2.tgz 0ms (cache hit)
1643 http cache kdbush@https://registry.npmjs.org/kdbush/-/kdbush-4.1.0.tgz 0ms (cache hit)
1644 http cache murmurhash-js@https://registry.npmjs.org/murmurhash-js/-/murmurhash-js-1.0.0.tgz 0ms (cache hit)
1645 http cache json-stringify-pretty-compact@https://registry.npmjs.org/json-stringify-pretty-compact/-/json-stringify-pretty-compact-4.0.0.tgz 0ms (cache hit)
1646 http cache @maplibre/mlt@https://registry.npmjs.org/@maplibre/mlt/-/mlt-1.2.0.tgz 0ms (cache hit)
1647 http cache potpack@https://registry.npmjs.org/potpack/-/potpack-2.1.0.tgz 0ms (cache hit)
1648 http cache @maplibre/vt-pbf@https://registry.npmjs.org/@maplibre/vt-pbf/-/vt-pbf-4.3.2.tgz 0ms (cache hit)
1649 http cache gl-matrix@https://registry.npmjs.org/gl-matrix/-/gl-matrix-3.4.4.tgz 0ms (cache hit)
1650 http cache @maplibre/maplibre-gl-style-spec@https://registry.npmjs.org/@maplibre/maplibre-gl-style-spec/-/maplibre-gl-style-spec-24.10.0.tgz 0ms (cache hit)
1651 http cache @mapbox/whoots-js@https://registry.npmjs.org/@mapbox/whoots-js/-/whoots-js-3.1.0.tgz 0ms (cache hit)
1652 http cache @mapbox/vector-tile@https://registry.npmjs.org/@mapbox/vector-tile/-/vector-tile-2.0.5.tgz 0ms (cache hit)
1653 http cache yallist@https://registry.npmjs.org/yallist/-/yallist-3.1.1.tgz 0ms (cache hit)
1654 http cache @maplibre/geojson-vt@https://registry.npmjs.org/@maplibre/geojson-vt/-/geojson-vt-6.1.1.tgz 0ms (cache hit)
1655 http cache @mapbox/unitbezier@https://registry.npmjs.org/@mapbox/unitbezier/-/unitbezier-0.0.1.tgz 0ms (cache hit)
1656 http cache @mapbox/tiny-sdf@https://registry.npmjs.org/@mapbox/tiny-sdf/-/tiny-sdf-2.2.0.tgz 0ms (cache hit)
1657 http cache ms@https://registry.npmjs.org/ms/-/ms-2.1.3.tgz 0ms (cache hit)
1658 http cache internmap@https://registry.npmjs.org/internmap/-/internmap-1.0.1.tgz 0ms (cache hit)
1659 http cache @mapbox/point-geometry@https://registry.npmjs.org/@mapbox/point-geometry/-/point-geometry-1.1.0.tgz 0ms (cache hit)
1660 http cache d3-array@https://registry.npmjs.org/d3-array/-/d3-array-2.12.1.tgz 0ms (cache hit)
1661 http cache @mapbox/jsonlint-lines-primitives@https://registry.npmjs.org/@mapbox/jsonlint-lines-primitives/-/jsonlint-lines-primitives-2.0.3.tgz 0ms (cache hit)
1662 http cache update-browserslist-db@https://registry.npmjs.org/update-browserslist-db/-/update-browserslist-db-1.3.2.tgz 0ms (cache hit)
1663 http cache electron-to-chromium@https://registry.npmjs.org/electron-to-chromium/-/electron-to-chromium-1.5.416.tgz 0ms (cache hit)
1664 http cache point-in-polygon@https://registry.npmjs.org/point-in-polygon/-/point-in-polygon-1.1.0.tgz 0ms (cache hit)
1665 http cache @types/babel__template@https://registry.npmjs.org/@types/babel__template/-/babel__template-7.4.4.tgz 0ms (cache hit)
1666 http cache @types/babel__traverse@https://registry.npmjs.org/@types/babel__traverse/-/babel__traverse-7.28.0.tgz 0ms (cache hit)
1667 http cache @types/babel__generator@https://registry.npmjs.org/@types/babel__generator/-/babel__generator-7.27.0.tgz 0ms (cache hit)
1668 http cache node-releases@https://registry.npmjs.org/node-releases/-/node-releases-2.0.54.tgz 0ms (cache hit)
1669 http cache @jridgewell/resolve-uri@https://registry.npmjs.org/@jridgewell/resolve-uri/-/resolve-uri-3.1.2.tgz 0ms (cache hit)
1670 http cache caniuse-lite@https://registry.npmjs.org/caniuse-lite/-/caniuse-lite-1.0.30001810.tgz 0ms (cache hit)
1671 http cache @jridgewell/sourcemap-codec@https://registry.npmjs.org/@jridgewell/sourcemap-codec/-/sourcemap-codec-1.6.0.tgz 0ms (cache hit)
1672 http cache baseline-browser-mapping@https://registry.npmjs.org/baseline-browser-mapping/-/baseline-browser-mapping-2.11.20.tgz 0ms (cache hit)
1673 http cache @babel/helper-globals@https://registry.npmjs.org/@babel/helper-globals/-/helper-globals-7.29.7.tgz 0ms (cache hit)
1674 http cache lru-cache@https://registry.npmjs.org/lru-cache/-/lru-cache-5.1.1.tgz 0ms (cache hit)
1675 http cache @babel/helper-plugin-utils@https://registry.npmjs.org/@babel/helper-plugin-utils/-/helper-plugin-utils-7.29.7.tgz 0ms (cache hit)
1676 http cache browserslist@https://registry.npmjs.org/browserslist/-/browserslist-4.28.8.tgz 1ms (cache hit)
1677 http cache @babel/helper-module-imports@https://registry.npmjs.org/@babel/helper-module-imports/-/helper-module-imports-7.29.7.tgz 0ms (cache hit)
1678 http cache @babel/helper-string-parser@https://registry.npmjs.org/@babel/helper-string-parser/-/helper-string-parser-7.29.7.tgz 0ms (cache hit)
1679 http cache jsesc@https://registry.npmjs.org/jsesc/-/jsesc-3.1.0.tgz 0ms (cache hit)
1680 http cache picocolors@https://registry.npmjs.org/picocolors/-/picocolors-1.1.1.tgz 0ms (cache hit)
1681 http cache js-tokens@https://registry.npmjs.org/js-tokens/-/js-tokens-4.0.0.tgz 0ms (cache hit)
1682 http cache @babel/helper-validator-option@https://registry.npmjs.org/@babel/helper-validator-option/-/helper-validator-option-7.29.7.tgz 0ms (cache hit)
1683 http cache @jridgewell/trace-mapping@https://registry.npmjs.org/@jridgewell/trace-mapping/-/trace-mapping-0.3.31.tgz 0ms (cache hit)
1684 http cache @babel/helper-validator-identifier@https://registry.npmjs.org/@babel/helper-validator-identifier/-/helper-validator-identifier-7.29.7.tgz 0ms (cache hit)
1685 http cache @babel/compat-data@https://registry.npmjs.org/@babel/compat-data/-/compat-data-7.29.7.tgz 0ms (cache hit)
1686 http cache semver@https://registry.npmjs.org/semver/-/semver-6.3.1.tgz 0ms (cache hit)
1687 http cache gensync@https://registry.npmjs.org/gensync/-/gensync-1.0.0-beta.2.tgz 0ms (cache hit)
1688 http cache @jridgewell/gen-mapping@https://registry.npmjs.org/@jridgewell/gen-mapping/-/gen-mapping-0.3.13.tgz 0ms (cache hit)
1689 http cache json5@https://registry.npmjs.org/json5/-/json5-2.2.3.tgz 0ms (cache hit)
1690 http cache debug@https://registry.npmjs.org/debug/-/debug-4.4.3.tgz 0ms (cache hit)
1691 http cache @jridgewell/remapping@https://registry.npmjs.org/@jridgewell/remapping/-/remapping-2.3.5.tgz 0ms (cache hit)
1692 http cache @babel/types@https://registry.npmjs.org/@babel/types/-/types-7.29.8.tgz 0ms (cache hit)
1693 http cache convert-source-map@https://registry.npmjs.org/convert-source-map/-/convert-source-map-2.0.0.tgz 0ms (cache hit)
1694 http cache @babel/traverse@https://registry.npmjs.org/@babel/traverse/-/traverse-7.29.8.tgz 0ms (cache hit)
1695 http cache @babel/helpers@https://registry.npmjs.org/@babel/helpers/-/helpers-7.29.7.tgz 0ms (cache hit)
1696 http cache @babel/template@https://registry.npmjs.org/@babel/template/-/template-7.29.7.tgz 0ms (cache hit)
1697 http cache @babel/parser@https://registry.npmjs.org/@babel/parser/-/parser-7.29.8.tgz 0ms (cache hit)
1698 http cache @babel/helper-module-transforms@https://registry.npmjs.org/@babel/helper-module-transforms/-/helper-module-transforms-7.29.7.tgz 0ms (cache hit)
1699 http cache @babel/helper-compilation-targets@https://registry.npmjs.org/@babel/helper-compilation-targets/-/helper-compilation-targets-7.29.7.tgz 0ms (cache hit)
1700 http cache @types/babel__core@https://registry.npmjs.org/@types/babel__core/-/babel__core-7.20.5.tgz 0ms (cache hit)
1701 http cache @babel/generator@https://registry.npmjs.org/@babel/generator/-/generator-7.29.8.tgz 0ms (cache hit)
1702 http cache react-refresh@https://registry.npmjs.org/react-refresh/-/react-refresh-0.17.0.tgz 0ms (cache hit)
1703 http cache @babel/code-frame@https://registry.npmjs.org/@babel/code-frame/-/code-frame-7.29.7.tgz 0ms (cache hit)
1704 http cache @rolldown/pluginutils@https://registry.npmjs.org/@rolldown/pluginutils/-/pluginutils-1.0.0-beta.27.tgz 0ms (cache hit)
1705 http cache @babel/plugin-transform-react-jsx-source@https://registry.npmjs.org/@babel/plugin-transform-react-jsx-source/-/plugin-transform-react-jsx-source-7.29.7.tgz 0ms (cache hit)
1706 http cache @types/d3-voronoi@https://registry.npmjs.org/@types/d3-voronoi/-/d3-voronoi-1.1.12.tgz 0ms (cache hit)
1707 http cache csstype@https://registry.npmjs.org/csstype/-/csstype-3.2.3.tgz 0ms (cache hit)
1708 http cache d3-voronoi@https://registry.npmjs.org/d3-voronoi/-/d3-voronoi-1.1.2.tgz 0ms (cache hit)
1709 http cache @babel/plugin-transform-react-jsx-self@https://registry.npmjs.org/@babel/plugin-transform-react-jsx-self/-/plugin-transform-react-jsx-self-7.29.7.tgz 0ms (cache hit)
1710 http cache @babel/core@https://registry.npmjs.org/@babel/core/-/core-7.29.7.tgz 0ms (cache hit)
1711 http cache @types/earcut@https://registry.npmjs.org/@types/earcut/-/earcut-2.1.4.tgz 0ms (cache hit)
1712 http cache tinyqueue@https://registry.npmjs.org/tinyqueue/-/tinyqueue-2.0.3.tgz 0ms (cache hit)
1713 http cache fast-deep-equal@https://registry.npmjs.org/fast-deep-equal/-/fast-deep-equal-3.1.3.tgz 0ms (cache hit)
1714 http cache earcut@https://registry.npmjs.org/earcut/-/earcut-2.2.4.tgz 0ms (cache hit)
1715 http cache jsts@https://registry.npmjs.org/jsts/-/jsts-2.7.1.tgz 0ms (cache hit)
1716 http cache arc@https://registry.npmjs.org/arc/-/arc-0.2.0.tgz 0ms (cache hit)
1717 http cache robust-predicates@https://registry.npmjs.org/robust-predicates/-/robust-predicates-2.0.4.tgz 0ms (cache hit)
1718 http cache concaveman@https://registry.npmjs.org/concaveman/-/concaveman-1.2.1.tgz 0ms (cache hit)
1719 http cache polyclip-ts@https://registry.npmjs.org/polyclip-ts/-/polyclip-ts-0.16.8.tgz 0ms (cache hit)
1720 http cache topojson-client@https://registry.npmjs.org/topojson-client/-/topojson-client-3.1.0.tgz 0ms (cache hit)
1721 http cache topojson-server@https://registry.npmjs.org/topojson-server/-/topojson-server-3.0.1.tgz 0ms (cache hit)
1722 http cache @turf/jsts@https://registry.npmjs.org/@turf/jsts/-/jsts-2.7.2.tgz 0ms (cache hit)
1723 http cache d3-geo@https://registry.npmjs.org/d3-geo/-/d3-geo-2.0.2.tgz 0ms (cache hit)
1724 http cache skmeans@https://registry.npmjs.org/skmeans/-/skmeans-0.9.7.tgz 0ms (cache hit)
1725 http cache rbush@https://registry.npmjs.org/rbush/-/rbush-3.0.1.tgz 0ms (cache hit)
1726 http cache tslib@https://registry.npmjs.org/tslib/-/tslib-2.8.1.tgz 0ms (cache hit)
1727 http cache geojson-polygon-self-intersections@https://registry.npmjs.org/geojson-polygon-self-intersections/-/geojson-polygon-self-intersections-1.2.2.tgz 0ms (cache hit)
1728 http cache point-in-polygon-hao@https://registry.npmjs.org/point-in-polygon-hao/-/point-in-polygon-hao-1.2.4.tgz 0ms (cache hit)
1729 http cache @turf/union@https://registry.npmjs.org/@turf/union/-/union-7.4.0.tgz 0ms (cache hit)
1730 http cache @types/kdbush@https://registry.npmjs.org/@types/kdbush/-/kdbush-3.0.5.tgz 0ms (cache hit)
1731 http cache @turf/voronoi@https://registry.npmjs.org/@turf/voronoi/-/voronoi-7.4.0.tgz 0ms (cache hit)
1732 http cache @types/geojson@https://registry.npmjs.org/@types/geojson/-/geojson-7946.0.16.tgz 0ms (cache hit)
1733 http cache geojson-equality-ts@https://registry.npmjs.org/geojson-equality-ts/-/geojson-equality-ts-1.0.2.tgz 0ms (cache hit)
1734 http cache @turf/truncate@https://registry.npmjs.org/@turf/truncate/-/truncate-7.4.0.tgz 0ms (cache hit)
1735 http cache @turf/transform-translate@https://registry.npmjs.org/@turf/transform-translate/-/transform-translate-7.4.0.tgz 0ms (cache hit)
1736 http cache @turf/unkink-polygon@https://registry.npmjs.org/@turf/unkink-polygon/-/unkink-polygon-7.4.0.tgz 0ms (cache hit)
1737 http cache @turf/triangle-grid@https://registry.npmjs.org/@turf/triangle-grid/-/triangle-grid-7.4.0.tgz 0ms (cache hit)
1738 http cache @turf/transform-scale@https://registry.npmjs.org/@turf/transform-scale/-/transform-scale-7.4.0.tgz 0ms (cache hit)
1739 http cache @turf/tesselate@https://registry.npmjs.org/@turf/tesselate/-/tesselate-7.4.0.tgz 0ms (cache hit)
1740 http cache @turf/transform-rotate@https://registry.npmjs.org/@turf/transform-rotate/-/transform-rotate-7.4.0.tgz 0ms (cache hit)
1741 http cache @turf/tin@https://registry.npmjs.org/@turf/tin/-/tin-7.4.0.tgz 0ms (cache hit)
1742 http cache @turf/tag@https://registry.npmjs.org/@turf/tag/-/tag-7.4.0.tgz 0ms (cache hit)
1743 http cache @turf/square-grid@https://registry.npmjs.org/@turf/square-grid/-/square-grid-7.4.0.tgz 0ms (cache hit)
1744 http cache @turf/square@https://registry.npmjs.org/@turf/square/-/square-7.4.0.tgz 0ms (cache hit)
1745 http cache @turf/standard-deviational-ellipse@https://registry.npmjs.org/@turf/standard-deviational-ellipse/-/standard-deviational-ellipse-7.4.0.tgz 0ms (cache hit)
1746 http cache @turf/simplify@https://registry.npmjs.org/@turf/simplify/-/simplify-7.4.0.tgz 0ms (cache hit)
1747 http cache @turf/sector@https://registry.npmjs.org/@turf/sector/-/sector-7.4.0.tgz 0ms (cache hit)
1748 http cache @turf/shortest-path@https://registry.npmjs.org/@turf/shortest-path/-/shortest-path-7.4.0.tgz 0ms (cache hit)
1749 http cache @turf/rhumb-distance@https://registry.npmjs.org/@turf/rhumb-distance/-/rhumb-distance-7.4.0.tgz 0ms (cache hit)
1750 http cache @turf/rhumb-destination@https://registry.npmjs.org/@turf/rhumb-destination/-/rhumb-destination-7.4.0.tgz 0ms (cache hit)
1751 http cache @turf/rhumb-bearing@https://registry.npmjs.org/@turf/rhumb-bearing/-/rhumb-bearing-7.4.0.tgz 0ms (cache hit)
1752 http cache @turf/sample@https://registry.npmjs.org/@turf/sample/-/sample-7.4.0.tgz 0ms (cache hit)
1753 http cache @turf/rectangle-grid@https://registry.npmjs.org/@turf/rectangle-grid/-/rectangle-grid-7.4.0.tgz 0ms (cache hit)
1754 http cache @turf/projection@https://registry.npmjs.org/@turf/projection/-/projection-7.4.0.tgz 0ms (cache hit)
1755 http cache @turf/rewind@https://registry.npmjs.org/@turf/rewind/-/rewind-7.4.0.tgz 0ms (cache hit)
1756 http cache @turf/quadrat-analysis@https://registry.npmjs.org/@turf/quadrat-analysis/-/quadrat-analysis-7.4.0.tgz 0ms (cache hit)
1757 http cache @turf/polygonize@https://registry.npmjs.org/@turf/polygonize/-/polygonize-7.4.0.tgz 0ms (cache hit)
1758 http cache @turf/random@https://registry.npmjs.org/@turf/random/-/random-7.4.0.tgz 0ms (cache hit)
1759 http cache @turf/polygon-tangents@https://registry.npmjs.org/@turf/polygon-tangents/-/polygon-tangents-7.4.0.tgz 0ms (cache hit)
1760 http cache @turf/points-within-polygon@https://registry.npmjs.org/@turf/points-within-polygon/-/points-within-polygon-7.4.0.tgz 0ms (cache hit)
1761 http cache @turf/point-to-line-distance@https://registry.npmjs.org/@turf/point-to-line-distance/-/point-to-line-distance-7.4.0.tgz 0ms (cache hit)
1762 http cache @turf/point-grid@https://registry.npmjs.org/@turf/point-grid/-/point-grid-7.4.0.tgz 0ms (cache hit)
1763 http cache @turf/point-to-polygon-distance@https://registry.npmjs.org/@turf/point-to-polygon-distance/-/point-to-polygon-distance-7.4.0.tgz 0ms (cache hit)
1764 http cache @turf/nearest-point-to-line@https://registry.npmjs.org/@turf/nearest-point-to-line/-/nearest-point-to-line-7.4.0.tgz 0ms (cache hit)
1765 http cache @turf/point-on-feature@https://registry.npmjs.org/@turf/point-on-feature/-/point-on-feature-7.4.0.tgz 0ms (cache hit)
1766 http cache @turf/planepoint@https://registry.npmjs.org/@turf/planepoint/-/planepoint-7.4.0.tgz 0ms (cache hit)
1767 http cache @turf/nearest-neighbor-analysis@https://registry.npmjs.org/@turf/nearest-neighbor-analysis/-/nearest-neighbor-analysis-7.4.0.tgz 0ms (cache hit)
1768 http cache @turf/nearest-point-on-line@https://registry.npmjs.org/@turf/nearest-point-on-line/-/nearest-point-on-line-7.4.0.tgz 0ms (cache hit)
1769 http cache @turf/nearest-point@https://registry.npmjs.org/@turf/nearest-point/-/nearest-point-7.4.0.tgz 0ms (cache hit)
1770 http cache @turf/midpoint@https://registry.npmjs.org/@turf/midpoint/-/midpoint-7.4.0.tgz 0ms (cache hit)
1771 http cache @turf/moran-index@https://registry.npmjs.org/@turf/moran-index/-/moran-index-7.4.0.tgz 0ms (cache hit)
1772 http cache @turf/polygon-smooth@https://registry.npmjs.org/@turf/polygon-smooth/-/polygon-smooth-7.4.0.tgz 0ms (cache hit)
1773 http cache @turf/mask@https://registry.npmjs.org/@turf/mask/-/mask-7.4.0.tgz 0ms (cache hit)
1774 http cache @turf/meta@https://registry.npmjs.org/@turf/meta/-/meta-7.4.0.tgz 0ms (cache hit)
1775 http cache @turf/polygon-to-line@https://registry.npmjs.org/@turf/polygon-to-line/-/polygon-to-line-7.4.0.tgz 0ms (cache hit)
1776 http cache @turf/line-split@https://registry.npmjs.org/@turf/line-split/-/line-split-7.4.0.tgz 0ms (cache hit)
1777 http cache @turf/line-slice-along@https://registry.npmjs.org/@turf/line-slice-along/-/line-slice-along-7.4.0.tgz 0ms (cache hit)
1778 http cache @turf/line-to-polygon@https://registry.npmjs.org/@turf/line-to-polygon/-/line-to-polygon-7.4.0.tgz 0ms (cache hit)
1779 http cache @turf/line-overlap@https://registry.npmjs.org/@turf/line-overlap/-/line-overlap-7.4.0.tgz 0ms (cache hit)
1780 http cache @turf/line-segment@https://registry.npmjs.org/@turf/line-segment/-/line-segment-7.4.0.tgz 0ms (cache hit)
1781 http cache @turf/line-slice@https://registry.npmjs.org/@turf/line-slice/-/line-slice-7.4.0.tgz 0ms (cache hit)
1782 http cache @turf/line-intersect@https://registry.npmjs.org/@turf/line-intersect/-/line-intersect-7.4.0.tgz 0ms (cache hit)
1783 http cache @turf/line-offset@https://registry.npmjs.org/@turf/line-offset/-/line-offset-7.4.0.tgz 0ms (cache hit)
1784 http cache @turf/length@https://registry.npmjs.org/@turf/length/-/length-7.4.0.tgz 0ms (cache hit)
1785 http cache @turf/line-arc@https://registry.npmjs.org/@turf/line-arc/-/line-arc-7.4.0.tgz 0ms (cache hit)
1786 http cache @turf/line-chunk@https://registry.npmjs.org/@turf/line-chunk/-/line-chunk-7.4.0.tgz 0ms (cache hit)
1787 http cache @turf/kinks@https://registry.npmjs.org/@turf/kinks/-/kinks-7.4.0.tgz 0ms (cache hit)
1788 http cache @turf/isolines@https://registry.npmjs.org/@turf/isolines/-/isolines-7.4.0.tgz 0ms (cache hit)
1789 http cache @turf/interpolate@https://registry.npmjs.org/@turf/interpolate/-/interpolate-7.4.0.tgz 0ms (cache hit)
1790 http cache @turf/invariant@https://registry.npmjs.org/@turf/invariant/-/invariant-7.4.0.tgz 0ms (cache hit)
1791 http cache @turf/intersect@https://registry.npmjs.org/@turf/intersect/-/intersect-7.4.0.tgz 0ms (cache hit)
1792 http cache @turf/isobands@https://registry.npmjs.org/@turf/isobands/-/isobands-7.4.0.tgz 0ms (cache hit)
1793 http cache @turf/helpers@https://registry.npmjs.org/@turf/helpers/-/helpers-7.4.0.tgz 0ms (cache hit)
1794 http cache @turf/great-circle@https://registry.npmjs.org/@turf/great-circle/-/great-circle-7.4.0.tgz 0ms (cache hit)
1795 http cache @turf/geojson-rbush@https://registry.npmjs.org/@turf/geojson-rbush/-/geojson-rbush-7.4.0.tgz 0ms (cache hit)
1796 http cache @turf/hex-grid@https://registry.npmjs.org/@turf/hex-grid/-/hex-grid-7.4.0.tgz 0ms (cache hit)
1797 http cache @turf/flip@https://registry.npmjs.org/@turf/flip/-/flip-7.4.0.tgz 0ms (cache hit)
1798 http cache @turf/explode@https://registry.npmjs.org/@turf/explode/-/explode-7.4.0.tgz 0ms (cache hit)
1799 http cache @turf/flatten@https://registry.npmjs.org/@turf/flatten/-/flatten-7.4.0.tgz 0ms (cache hit)
1800 http cache @turf/envelope@https://registry.npmjs.org/@turf/envelope/-/envelope-7.4.0.tgz 0ms (cache hit)
1801 http cache @turf/ellipse@https://registry.npmjs.org/@turf/ellipse/-/ellipse-7.4.0.tgz 0ms (cache hit)
1802 http cache @turf/distance-weight@https://registry.npmjs.org/@turf/distance-weight/-/distance-weight-7.4.0.tgz 0ms (cache hit)
1803 http cache @turf/distance@https://registry.npmjs.org/@turf/distance/-/distance-7.4.0.tgz 0ms (cache hit)
1804 http cache @turf/directional-mean@https://registry.npmjs.org/@turf/directional-mean/-/directional-mean-7.4.0.tgz 0ms (cache hit)
1805 http cache @turf/destination@https://registry.npmjs.org/@turf/destination/-/destination-7.4.0.tgz 0ms (cache hit)
1806 http cache @turf/dissolve@https://registry.npmjs.org/@turf/dissolve/-/dissolve-7.4.0.tgz 0ms (cache hit)
1807 http cache @turf/concave@https://registry.npmjs.org/@turf/concave/-/concave-7.4.0.tgz 0ms (cache hit)
1808 http cache @turf/difference@https://registry.npmjs.org/@turf/difference/-/difference-7.4.0.tgz 0ms (cache hit)
1809 http cache @turf/convex@https://registry.npmjs.org/@turf/convex/-/convex-7.4.0.tgz 0ms (cache hit)
1810 http cache @turf/collect@https://registry.npmjs.org/@turf/collect/-/collect-7.4.0.tgz 0ms (cache hit)
1811 http cache @turf/combine@https://registry.npmjs.org/@turf/combine/-/combine-7.4.0.tgz 0ms (cache hit)
1812 http cache @turf/clean-coords@https://registry.npmjs.org/@turf/clean-coords/-/clean-coords-7.4.0.tgz 0ms (cache hit)
1813 http cache @turf/clusters-kmeans@https://registry.npmjs.org/@turf/clusters-kmeans/-/clusters-kmeans-7.4.0.tgz 0ms (cache hit)
1814 http cache @turf/clone@https://registry.npmjs.org/@turf/clone/-/clone-7.4.0.tgz 0ms (cache hit)
1815 http cache @turf/clusters-dbscan@https://registry.npmjs.org/@turf/clusters-dbscan/-/clusters-dbscan-7.4.0.tgz 0ms (cache hit)
1816 http cache @turf/clusters@https://registry.npmjs.org/@turf/clusters/-/clusters-7.4.0.tgz 0ms (cache hit)
1817 http cache @turf/circle@https://registry.npmjs.org/@turf/circle/-/circle-7.4.0.tgz 0ms (cache hit)
1818 http cache @turf/center-median@https://registry.npmjs.org/@turf/center-median/-/center-median-7.4.0.tgz 0ms (cache hit)
1819 http cache @turf/centroid@https://registry.npmjs.org/@turf/centroid/-/centroid-7.4.0.tgz 0ms (cache hit)
1820 http cache @turf/buffer@https://registry.npmjs.org/@turf/buffer/-/buffer-7.4.0.tgz 0ms (cache hit)
1821 http cache @turf/center-mean@https://registry.npmjs.org/@turf/center-mean/-/center-mean-7.4.0.tgz 0ms (cache hit)
1822 http cache @turf/center-of-mass@https://registry.npmjs.org/@turf/center-of-mass/-/center-of-mass-7.4.0.tgz 0ms (cache hit)
1823 http cache @turf/center@https://registry.npmjs.org/@turf/center/-/center-7.4.0.tgz 0ms (cache hit)
1824 http cache @turf/boolean-valid@https://registry.npmjs.org/@turf/boolean-valid/-/boolean-valid-7.4.0.tgz 0ms (cache hit)
1825 http cache @turf/boolean-within@https://registry.npmjs.org/@turf/boolean-within/-/boolean-within-7.4.0.tgz 0ms (cache hit)
1826 http cache @turf/boolean-point-on-line@https://registry.npmjs.org/@turf/boolean-point-on-line/-/boolean-point-on-line-7.4.0.tgz 0ms (cache hit)
1827 http cache @turf/boolean-parallel@https://registry.npmjs.org/@turf/boolean-parallel/-/boolean-parallel-7.4.0.tgz 0ms (cache hit)
1828 http cache @turf/boolean-touches@https://registry.npmjs.org/@turf/boolean-touches/-/boolean-touches-7.4.0.tgz 0ms (cache hit)
1829 http cache @turf/boolean-intersects@https://registry.npmjs.org/@turf/boolean-intersects/-/boolean-intersects-7.4.0.tgz 0ms (cache hit)
1830 http cache @turf/boolean-overlap@https://registry.npmjs.org/@turf/boolean-overlap/-/boolean-overlap-7.4.0.tgz 0ms (cache hit)
1831 http cache @turf/boolean-equal@https://registry.npmjs.org/@turf/boolean-equal/-/boolean-equal-7.4.0.tgz 0ms (cache hit)
1832 http cache @turf/boolean-contains@https://registry.npmjs.org/@turf/boolean-contains/-/boolean-contains-7.4.0.tgz 0ms (cache hit)
1833 http cache @turf/boolean-disjoint@https://registry.npmjs.org/@turf/boolean-disjoint/-/boolean-disjoint-7.4.0.tgz 0ms (cache hit)
1834 http cache @turf/boolean-crosses@https://registry.npmjs.org/@turf/boolean-crosses/-/boolean-crosses-7.4.0.tgz 0ms (cache hit)
1835 http cache @turf/boolean-concave@https://registry.npmjs.org/@turf/boolean-concave/-/boolean-concave-7.4.0.tgz 0ms (cache hit)
1836 http cache @turf/boolean-point-in-polygon@https://registry.npmjs.org/@turf/boolean-point-in-polygon/-/boolean-point-in-polygon-7.4.0.tgz 0ms (cache hit)
1837 http cache @turf/boolean-clockwise@https://registry.npmjs.org/@turf/boolean-clockwise/-/boolean-clockwise-7.4.0.tgz 0ms (cache hit)
1838 http cache @turf/bbox-clip@https://registry.npmjs.org/@turf/bbox-clip/-/bbox-clip-7.4.0.tgz 0ms (cache hit)
1839 http cache @turf/bezier-spline@https://registry.npmjs.org/@turf/bezier-spline/-/bezier-spline-7.4.0.tgz 0ms (cache hit)
1840 http cache @turf/bearing@https://registry.npmjs.org/@turf/bearing/-/bearing-7.4.0.tgz 0ms (cache hit)
1841 http cache @turf/bbox-polygon@https://registry.npmjs.org/@turf/bbox-polygon/-/bbox-polygon-7.4.0.tgz 0ms (cache hit)
1842 http cache @turf/area@https://registry.npmjs.org/@turf/area/-/area-7.4.0.tgz 0ms (cache hit)
1843 http cache typescript@https://registry.npmjs.org/typescript/-/typescript-5.7.3.tgz 0ms (cache hit)
1844 http cache @turf/angle@https://registry.npmjs.org/@turf/angle/-/angle-7.4.0.tgz 0ms (cache hit)
1845 http cache @turf/along@https://registry.npmjs.org/@turf/along/-/along-7.4.0.tgz 0ms (cache hit)
1846 http cache @turf/bbox@https://registry.npmjs.org/@turf/bbox/-/bbox-7.4.0.tgz 0ms (cache hit)
1847 http cache react@https://registry.npmjs.org/react/-/react-19.2.8.tgz 0ms (cache hit)
1848 http cache pmtiles@https://registry.npmjs.org/pmtiles/-/pmtiles-4.5.0.tgz 0ms (cache hit)
1849 http cache vite@https://registry.npmjs.org/vite/-/vite-6.4.3.tgz 0ms (cache hit)
1850 http cache @turf/turf@https://registry.npmjs.org/@turf/turf/-/turf-7.4.0.tgz 0ms (cache hit)
1851 http cache react-dom@https://registry.npmjs.org/react-dom/-/react-dom-19.2.8.tgz 0ms (cache hit)
1852 http cache @types/react-dom@https://registry.npmjs.org/@types/react-dom/-/react-dom-19.2.5.tgz 0ms (cache hit)
1853 http cache @vitejs/plugin-react@https://registry.npmjs.org/@vitejs/plugin-react/-/plugin-react-4.7.0.tgz 0ms (cache hit)
1854 http cache maplibre-gl@https://registry.npmjs.org/maplibre-gl/-/maplibre-gl-5.24.0.tgz 0ms (cache hit)
1855 http cache @types/react@https://registry.npmjs.org/@types/react/-/react-19.2.18.tgz 0ms (cache hit)
1856 http cache quickselect@https://registry.npmjs.org/quickselect/-/quickselect-2.0.0.tgz 0ms (cache hit)
1857 http cache @mapbox/unitbezier@https://registry.npmjs.org/@mapbox/unitbezier/-/unitbezier-1.0.0.tgz 0ms (cache hit)
1858 http cache pbf@https://registry.npmjs.org/pbf/-/pbf-5.1.2.tgz 0ms (cache hit)
1859 http cache tinyqueue@https://registry.npmjs.org/tinyqueue/-/tinyqueue-3.0.0.tgz 0ms (cache hit)
1860 http cache rbush@https://registry.npmjs.org/rbush/-/rbush-2.0.2.tgz 0ms (cache hit)
1861 http cache quickselect@https://registry.npmjs.org/quickselect/-/quickselect-1.1.1.tgz 0ms (cache hit)
1862 http cache robust-predicates@https://registry.npmjs.org/robust-predicates/-/robust-predicates-3.0.3.tgz 0ms (cache hit)
1863 silly tarball no local data for @types/estree@https://registry.npmjs.org/@types/estree/-/estree-1.0.9.tgz. Extracting by manifest.
1864 silly tarball no local data for tinyglobby@https://registry.npmjs.org/tinyglobby/-/tinyglobby-0.2.17.tgz. Extracting by manifest.
1865 silly tarball no local data for nanoid@https://registry.npmjs.org/nanoid/-/nanoid-3.3.18.tgz. Extracting by manifest.
1866 silly tarball no local data for @rollup/rollup-win32-x64-gnu@https://registry.npmjs.org/@rollup/rollup-win32-x64-gnu/-/rollup-win32-x64-gnu-4.63.1.tgz. Extracting by manifest.
1867 silly tarball no local data for @esbuild/win32-x64@https://registry.npmjs.org/@esbuild/win32-x64/-/win32-x64-0.25.12.tgz. Extracting by manifest.
1868 silly tarball no local data for postcss@https://registry.npmjs.org/postcss/-/postcss-8.5.26.tgz. Extracting by manifest.
1869 silly tarball no local data for rollup@https://registry.npmjs.org/rollup/-/rollup-4.63.1.tgz. Extracting by manifest.
1870 silly tarball no local data for fdir@https://registry.npmjs.org/fdir/-/fdir-6.5.0.tgz. Extracting by manifest.
1871 silly tarball no local data for picomatch@https://registry.npmjs.org/picomatch/-/picomatch-4.0.7.tgz. Extracting by manifest.
1872 silly tarball no local data for esbuild@https://registry.npmjs.org/esbuild/-/esbuild-0.25.12.tgz. Extracting by manifest.
1873 silly tarball no local data for @rollup/rollup-win32-x64-msvc@https://registry.npmjs.org/@rollup/rollup-win32-x64-msvc/-/rollup-win32-x64-msvc-4.63.1.tgz. Extracting by manifest.
1874 silly tarball no local data for source-map-js@https://registry.npmjs.org/source-map-js/-/source-map-js-1.2.1.tgz. Extracting by manifest.
1875 silly tarball no local data for protocol-buffers-schema@https://registry.npmjs.org/protocol-buffers-schema/-/protocol-buffers-schema-3.6.1.tgz. Extracting by manifest.
1876 silly tarball no local data for escalade@https://registry.npmjs.org/escalade/-/escalade-3.2.0.tgz. Extracting by manifest.
1877 silly tarball no local data for fflate@https://registry.npmjs.org/fflate/-/fflate-0.8.3.tgz. Extracting by manifest.
1878 silly tarball no local data for commander@https://registry.npmjs.org/commander/-/commander-2.20.3.tgz. Extracting by manifest.
1879 http cache tinyqueue@https://registry.npmjs.org/tinyqueue/-/tinyqueue-3.0.0.tgz 0ms (cache hit)
1880 silly tarball no local data for scheduler@https://registry.npmjs.org/scheduler/-/scheduler-0.27.0.tgz. Extracting by manifest.
1881 silly tarball no local data for splaytree-ts@https://registry.npmjs.org/splaytree-ts/-/splaytree-ts-1.0.2.tgz. Extracting by manifest.
1882 silly tarball no local data for bignumber.js@https://registry.npmjs.org/bignumber.js/-/bignumber.js-9.3.1.tgz. Extracting by manifest.
1883 silly tarball no local data for quickselect@https://registry.npmjs.org/quickselect/-/quickselect-3.0.0.tgz. Extracting by manifest.
1884 silly tarball no local data for minimist@https://registry.npmjs.org/minimist/-/minimist-1.2.8.tgz. Extracting by manifest.
1885 silly tarball no local data for resolve-protobuf-schema@https://registry.npmjs.org/resolve-protobuf-schema/-/resolve-protobuf-schema-2.1.0.tgz. Extracting by manifest.
1886 silly tarball no local data for pbf@https://registry.npmjs.org/pbf/-/pbf-4.0.2.tgz. Extracting by manifest.
1887 http cache earcut@https://registry.npmjs.org/earcut/-/earcut-3.2.3.tgz 0ms (cache hit)
1888 silly tarball no local data for kdbush@https://registry.npmjs.org/kdbush/-/kdbush-4.1.0.tgz. Extracting by manifest.
1889 silly tarball no local data for murmurhash-js@https://registry.npmjs.org/murmurhash-js/-/murmurhash-js-1.0.0.tgz. Extracting by manifest.
1890 silly tarball no local data for json-stringify-pretty-compact@https://registry.npmjs.org/json-stringify-pretty-compact/-/json-stringify-pretty-compact-4.0.0.tgz. Extracting by manifest.
1891 silly tarball no local data for @maplibre/mlt@https://registry.npmjs.org/@maplibre/mlt/-/mlt-1.2.0.tgz. Extracting by manifest.
1892 silly tarball no local data for potpack@https://registry.npmjs.org/potpack/-/potpack-2.1.0.tgz. Extracting by manifest.
1893 silly tarball no local data for @maplibre/vt-pbf@https://registry.npmjs.org/@maplibre/vt-pbf/-/vt-pbf-4.3.2.tgz. Extracting by manifest.
1894 silly tarball no local data for gl-matrix@https://registry.npmjs.org/gl-matrix/-/gl-matrix-3.4.4.tgz. Extracting by manifest.
1895 silly tarball no local data for @maplibre/maplibre-gl-style-spec@https://registry.npmjs.org/@maplibre/maplibre-gl-style-spec/-/maplibre-gl-style-spec-24.10.0.tgz. Extracting by manifest.
1896 silly tarball no local data for @mapbox/whoots-js@https://registry.npmjs.org/@mapbox/whoots-js/-/whoots-js-3.1.0.tgz. Extracting by manifest.
1897 silly tarball no local data for @mapbox/vector-tile@https://registry.npmjs.org/@mapbox/vector-tile/-/vector-tile-2.0.5.tgz. Extracting by manifest.
1898 silly tarball no local data for yallist@https://registry.npmjs.org/yallist/-/yallist-3.1.1.tgz. Extracting by manifest.
1899 silly tarball no local data for @maplibre/geojson-vt@https://registry.npmjs.org/@maplibre/geojson-vt/-/geojson-vt-6.1.1.tgz. Extracting by manifest.
1900 silly tarball no local data for @mapbox/unitbezier@https://registry.npmjs.org/@mapbox/unitbezier/-/unitbezier-0.0.1.tgz. Extracting by manifest.
1901 silly tarball no local data for @mapbox/tiny-sdf@https://registry.npmjs.org/@mapbox/tiny-sdf/-/tiny-sdf-2.2.0.tgz. Extracting by manifest.
1902 silly tarball no local data for ms@https://registry.npmjs.org/ms/-/ms-2.1.3.tgz. Extracting by manifest.
1903 silly tarball no local data for internmap@https://registry.npmjs.org/internmap/-/internmap-1.0.1.tgz. Extracting by manifest.
1904 silly tarball no local data for @mapbox/point-geometry@https://registry.npmjs.org/@mapbox/point-geometry/-/point-geometry-1.1.0.tgz. Extracting by manifest.
1905 silly tarball no local data for d3-array@https://registry.npmjs.org/d3-array/-/d3-array-2.12.1.tgz. Extracting by manifest.
1906 silly tarball no local data for @mapbox/jsonlint-lines-primitives@https://registry.npmjs.org/@mapbox/jsonlint-lines-primitives/-/jsonlint-lines-primitives-2.0.3.tgz. Extracting by manifest.
1907 silly tarball no local data for update-browserslist-db@https://registry.npmjs.org/update-browserslist-db/-/update-browserslist-db-1.3.2.tgz. Extracting by manifest.
1908 silly tarball no local data for electron-to-chromium@https://registry.npmjs.org/electron-to-chromium/-/electron-to-chromium-1.5.416.tgz. Extracting by manifest.
1909 silly tarball no local data for point-in-polygon@https://registry.npmjs.org/point-in-polygon/-/point-in-polygon-1.1.0.tgz. Extracting by manifest.
1910 silly tarball no local data for @types/babel__template@https://registry.npmjs.org/@types/babel__template/-/babel__template-7.4.4.tgz. Extracting by manifest.
1911 silly tarball no local data for @types/babel__traverse@https://registry.npmjs.org/@types/babel__traverse/-/babel__traverse-7.28.0.tgz. Extracting by manifest.
1912 silly tarball no local data for @types/babel__generator@https://registry.npmjs.org/@types/babel__generator/-/babel__generator-7.27.0.tgz. Extracting by manifest.
1913 silly tarball no local data for node-releases@https://registry.npmjs.org/node-releases/-/node-releases-2.0.54.tgz. Extracting by manifest.
1914 silly tarball no local data for @jridgewell/resolve-uri@https://registry.npmjs.org/@jridgewell/resolve-uri/-/resolve-uri-3.1.2.tgz. Extracting by manifest.
1915 silly tarball no local data for caniuse-lite@https://registry.npmjs.org/caniuse-lite/-/caniuse-lite-1.0.30001810.tgz. Extracting by manifest.
1916 silly tarball no local data for @jridgewell/sourcemap-codec@https://registry.npmjs.org/@jridgewell/sourcemap-codec/-/sourcemap-codec-1.6.0.tgz. Extracting by manifest.
1917 silly tarball no local data for baseline-browser-mapping@https://registry.npmjs.org/baseline-browser-mapping/-/baseline-browser-mapping-2.11.20.tgz. Extracting by manifest.
1918 silly tarball no local data for @babel/helper-globals@https://registry.npmjs.org/@babel/helper-globals/-/helper-globals-7.29.7.tgz. Extracting by manifest.
1919 silly tarball no local data for lru-cache@https://registry.npmjs.org/lru-cache/-/lru-cache-5.1.1.tgz. Extracting by manifest.
1920 silly tarball no local data for @babel/helper-plugin-utils@https://registry.npmjs.org/@babel/helper-plugin-utils/-/helper-plugin-utils-7.29.7.tgz. Extracting by manifest.
1921 silly tarball no local data for browserslist@https://registry.npmjs.org/browserslist/-/browserslist-4.28.8.tgz. Extracting by manifest.
1922 silly tarball no local data for @babel/helper-module-imports@https://registry.npmjs.org/@babel/helper-module-imports/-/helper-module-imports-7.29.7.tgz. Extracting by manifest.
1923 silly tarball no local data for @babel/helper-string-parser@https://registry.npmjs.org/@babel/helper-string-parser/-/helper-string-parser-7.29.7.tgz. Extracting by manifest.
1924 silly tarball no local data for jsesc@https://registry.npmjs.org/jsesc/-/jsesc-3.1.0.tgz. Extracting by manifest.
1925 silly tarball no local data for picocolors@https://registry.npmjs.org/picocolors/-/picocolors-1.1.1.tgz. Extracting by manifest.
1926 silly tarball no local data for js-tokens@https://registry.npmjs.org/js-tokens/-/js-tokens-4.0.0.tgz. Extracting by manifest.
1927 silly tarball no local data for @babel/helper-validator-option@https://registry.npmjs.org/@babel/helper-validator-option/-/helper-validator-option-7.29.7.tgz. Extracting by manifest.
1928 silly tarball no local data for @jridgewell/trace-mapping@https://registry.npmjs.org/@jridgewell/trace-mapping/-/trace-mapping-0.3.31.tgz. Extracting by manifest.
1929 silly tarball no local data for @babel/helper-validator-identifier@https://registry.npmjs.org/@babel/helper-validator-identifier/-/helper-validator-identifier-7.29.7.tgz. Extracting by manifest.
1930 silly tarball no local data for @babel/compat-data@https://registry.npmjs.org/@babel/compat-data/-/compat-data-7.29.7.tgz. Extracting by manifest.
1931 silly tarball no local data for semver@https://registry.npmjs.org/semver/-/semver-6.3.1.tgz. Extracting by manifest.
1932 silly tarball no local data for gensync@https://registry.npmjs.org/gensync/-/gensync-1.0.0-beta.2.tgz. Extracting by manifest.
1933 silly tarball no local data for @jridgewell/gen-mapping@https://registry.npmjs.org/@jridgewell/gen-mapping/-/gen-mapping-0.3.13.tgz. Extracting by manifest.
1934 silly tarball no local data for json5@https://registry.npmjs.org/json5/-/json5-2.2.3.tgz. Extracting by manifest.
1935 silly tarball no local data for debug@https://registry.npmjs.org/debug/-/debug-4.4.3.tgz. Extracting by manifest.
1936 silly tarball no local data for @jridgewell/remapping@https://registry.npmjs.org/@jridgewell/remapping/-/remapping-2.3.5.tgz. Extracting by manifest.
1937 silly tarball no local data for @babel/types@https://registry.npmjs.org/@babel/types/-/types-7.29.8.tgz. Extracting by manifest.
1938 silly tarball no local data for convert-source-map@https://registry.npmjs.org/convert-source-map/-/convert-source-map-2.0.0.tgz. Extracting by manifest.
1939 silly tarball no local data for @babel/traverse@https://registry.npmjs.org/@babel/traverse/-/traverse-7.29.8.tgz. Extracting by manifest.
1940 silly tarball no local data for @babel/helpers@https://registry.npmjs.org/@babel/helpers/-/helpers-7.29.7.tgz. Extracting by manifest.
1941 silly tarball no local data for @babel/template@https://registry.npmjs.org/@babel/template/-/template-7.29.7.tgz. Extracting by manifest.
1942 silly tarball no local data for @babel/parser@https://registry.npmjs.org/@babel/parser/-/parser-7.29.8.tgz. Extracting by manifest.
1943 silly tarball no local data for @babel/helper-module-transforms@https://registry.npmjs.org/@babel/helper-module-transforms/-/helper-module-transforms-7.29.7.tgz. Extracting by manifest.
1944 silly tarball no local data for @babel/helper-compilation-targets@https://registry.npmjs.org/@babel/helper-compilation-targets/-/helper-compilation-targets-7.29.7.tgz. Extracting by manifest.
1945 silly tarball no local data for @types/babel__core@https://registry.npmjs.org/@types/babel__core/-/babel__core-7.20.5.tgz. Extracting by manifest.
1946 silly tarball no local data for @babel/generator@https://registry.npmjs.org/@babel/generator/-/generator-7.29.8.tgz. Extracting by manifest.
1947 silly tarball no local data for react-refresh@https://registry.npmjs.org/react-refresh/-/react-refresh-0.17.0.tgz. Extracting by manifest.
1948 silly tarball no local data for @babel/code-frame@https://registry.npmjs.org/@babel/code-frame/-/code-frame-7.29.7.tgz. Extracting by manifest.
1949 silly tarball no local data for @rolldown/pluginutils@https://registry.npmjs.org/@rolldown/pluginutils/-/pluginutils-1.0.0-beta.27.tgz. Extracting by manifest.
1950 silly tarball no local data for @babel/plugin-transform-react-jsx-source@https://registry.npmjs.org/@babel/plugin-transform-react-jsx-source/-/plugin-transform-react-jsx-source-7.29.7.tgz. Extracting by manifest.
1951 silly tarball no local data for @types/d3-voronoi@https://registry.npmjs.org/@types/d3-voronoi/-/d3-voronoi-1.1.12.tgz. Extracting by manifest.
1952 silly tarball no local data for csstype@https://registry.npmjs.org/csstype/-/csstype-3.2.3.tgz. Extracting by manifest.
1953 silly tarball no local data for d3-voronoi@https://registry.npmjs.org/d3-voronoi/-/d3-voronoi-1.1.2.tgz. Extracting by manifest.
1954 silly tarball no local data for @babel/plugin-transform-react-jsx-self@https://registry.npmjs.org/@babel/plugin-transform-react-jsx-self/-/plugin-transform-react-jsx-self-7.29.7.tgz. Extracting by manifest.
1955 silly tarball no local data for @babel/core@https://registry.npmjs.org/@babel/core/-/core-7.29.7.tgz. Extracting by manifest.
1956 silly tarball no local data for @types/earcut@https://registry.npmjs.org/@types/earcut/-/earcut-2.1.4.tgz. Extracting by manifest.
1957 silly tarball no local data for tinyqueue@https://registry.npmjs.org/tinyqueue/-/tinyqueue-2.0.3.tgz. Extracting by manifest.
1958 silly tarball no local data for fast-deep-equal@https://registry.npmjs.org/fast-deep-equal/-/fast-deep-equal-3.1.3.tgz. Extracting by manifest.
1959 silly tarball no local data for earcut@https://registry.npmjs.org/earcut/-/earcut-2.2.4.tgz. Extracting by manifest.
1960 silly tarball no local data for jsts@https://registry.npmjs.org/jsts/-/jsts-2.7.1.tgz. Extracting by manifest.
1961 silly tarball no local data for arc@https://registry.npmjs.org/arc/-/arc-0.2.0.tgz. Extracting by manifest.
1962 silly tarball no local data for robust-predicates@https://registry.npmjs.org/robust-predicates/-/robust-predicates-2.0.4.tgz. Extracting by manifest.
1963 silly tarball no local data for concaveman@https://registry.npmjs.org/concaveman/-/concaveman-1.2.1.tgz. Extracting by manifest.
1964 silly tarball no local data for polyclip-ts@https://registry.npmjs.org/polyclip-ts/-/polyclip-ts-0.16.8.tgz. Extracting by manifest.
1965 silly tarball no local data for topojson-client@https://registry.npmjs.org/topojson-client/-/topojson-client-3.1.0.tgz. Extracting by manifest.
1966 silly tarball no local data for topojson-server@https://registry.npmjs.org/topojson-server/-/topojson-server-3.0.1.tgz. Extracting by manifest.
1967 silly tarball no local data for @turf/jsts@https://registry.npmjs.org/@turf/jsts/-/jsts-2.7.2.tgz. Extracting by manifest.
1968 silly tarball no local data for d3-geo@https://registry.npmjs.org/d3-geo/-/d3-geo-2.0.2.tgz. Extracting by manifest.
1969 silly tarball no local data for skmeans@https://registry.npmjs.org/skmeans/-/skmeans-0.9.7.tgz. Extracting by manifest.
1970 silly tarball no local data for rbush@https://registry.npmjs.org/rbush/-/rbush-3.0.1.tgz. Extracting by manifest.
1971 silly tarball no local data for tslib@https://registry.npmjs.org/tslib/-/tslib-2.8.1.tgz. Extracting by manifest.
1972 silly tarball no local data for geojson-polygon-self-intersections@https://registry.npmjs.org/geojson-polygon-self-intersections/-/geojson-polygon-self-intersections-1.2.2.tgz. Extracting by manifest.
1973 silly tarball no local data for point-in-polygon-hao@https://registry.npmjs.org/point-in-polygon-hao/-/point-in-polygon-hao-1.2.4.tgz. Extracting by manifest.
1974 silly tarball no local data for @turf/union@https://registry.npmjs.org/@turf/union/-/union-7.4.0.tgz. Extracting by manifest.
1975 silly tarball no local data for @types/kdbush@https://registry.npmjs.org/@types/kdbush/-/kdbush-3.0.5.tgz. Extracting by manifest.
1976 silly tarball no local data for @turf/voronoi@https://registry.npmjs.org/@turf/voronoi/-/voronoi-7.4.0.tgz. Extracting by manifest.
1977 silly tarball no local data for @types/geojson@https://registry.npmjs.org/@types/geojson/-/geojson-7946.0.16.tgz. Extracting by manifest.
1978 silly tarball no local data for geojson-equality-ts@https://registry.npmjs.org/geojson-equality-ts/-/geojson-equality-ts-1.0.2.tgz. Extracting by manifest.
1979 silly tarball no local data for @turf/truncate@https://registry.npmjs.org/@turf/truncate/-/truncate-7.4.0.tgz. Extracting by manifest.
1980 silly tarball no local data for @turf/transform-translate@https://registry.npmjs.org/@turf/transform-translate/-/transform-translate-7.4.0.tgz. Extracting by manifest.
1981 silly tarball no local data for @turf/unkink-polygon@https://registry.npmjs.org/@turf/unkink-polygon/-/unkink-polygon-7.4.0.tgz. Extracting by manifest.
1982 silly tarball no local data for @turf/triangle-grid@https://registry.npmjs.org/@turf/triangle-grid/-/triangle-grid-7.4.0.tgz. Extracting by manifest.
1983 silly tarball no local data for @turf/transform-scale@https://registry.npmjs.org/@turf/transform-scale/-/transform-scale-7.4.0.tgz. Extracting by manifest.
1984 silly tarball no local data for @turf/tesselate@https://registry.npmjs.org/@turf/tesselate/-/tesselate-7.4.0.tgz. Extracting by manifest.
1985 silly tarball no local data for @turf/transform-rotate@https://registry.npmjs.org/@turf/transform-rotate/-/transform-rotate-7.4.0.tgz. Extracting by manifest.
1986 silly tarball no local data for @turf/tin@https://registry.npmjs.org/@turf/tin/-/tin-7.4.0.tgz. Extracting by manifest.
1987 silly tarball no local data for @turf/tag@https://registry.npmjs.org/@turf/tag/-/tag-7.4.0.tgz. Extracting by manifest.
1988 silly tarball no local data for @turf/square-grid@https://registry.npmjs.org/@turf/square-grid/-/square-grid-7.4.0.tgz. Extracting by manifest.
1989 silly tarball no local data for @turf/square@https://registry.npmjs.org/@turf/square/-/square-7.4.0.tgz. Extracting by manifest.
1990 silly tarball no local data for @turf/standard-deviational-ellipse@https://registry.npmjs.org/@turf/standard-deviational-ellipse/-/standard-deviational-ellipse-7.4.0.tgz. Extracting by manifest.
1991 silly tarball no local data for @turf/simplify@https://registry.npmjs.org/@turf/simplify/-/simplify-7.4.0.tgz. Extracting by manifest.
1992 silly tarball no local data for @turf/sector@https://registry.npmjs.org/@turf/sector/-/sector-7.4.0.tgz. Extracting by manifest.
1993 silly tarball no local data for @turf/shortest-path@https://registry.npmjs.org/@turf/shortest-path/-/shortest-path-7.4.0.tgz. Extracting by manifest.
1994 silly tarball no local data for @turf/rhumb-distance@https://registry.npmjs.org/@turf/rhumb-distance/-/rhumb-distance-7.4.0.tgz. Extracting by manifest.
1995 silly tarball no local data for @turf/rhumb-destination@https://registry.npmjs.org/@turf/rhumb-destination/-/rhumb-destination-7.4.0.tgz. Extracting by manifest.
1996 silly tarball no local data for @turf/rhumb-bearing@https://registry.npmjs.org/@turf/rhumb-bearing/-/rhumb-bearing-7.4.0.tgz. Extracting by manifest.
1997 silly tarball no local data for @turf/sample@https://registry.npmjs.org/@turf/sample/-/sample-7.4.0.tgz. Extracting by manifest.
1998 silly tarball no local data for @turf/rectangle-grid@https://registry.npmjs.org/@turf/rectangle-grid/-/rectangle-grid-7.4.0.tgz. Extracting by manifest.
1999 silly tarball no local data for @turf/projection@https://registry.npmjs.org/@turf/projection/-/projection-7.4.0.tgz. Extracting by manifest.
2000 silly tarball no local data for @turf/rewind@https://registry.npmjs.org/@turf/rewind/-/rewind-7.4.0.tgz. Extracting by manifest.
2001 silly tarball no local data for @turf/quadrat-analysis@https://registry.npmjs.org/@turf/quadrat-analysis/-/quadrat-analysis-7.4.0.tgz. Extracting by manifest.
2002 silly tarball no local data for @turf/polygonize@https://registry.npmjs.org/@turf/polygonize/-/polygonize-7.4.0.tgz. Extracting by manifest.
2003 silly tarball no local data for @turf/random@https://registry.npmjs.org/@turf/random/-/random-7.4.0.tgz. Extracting by manifest.
2004 silly tarball no local data for @turf/polygon-tangents@https://registry.npmjs.org/@turf/polygon-tangents/-/polygon-tangents-7.4.0.tgz. Extracting by manifest.
2005 silly tarball no local data for @turf/points-within-polygon@https://registry.npmjs.org/@turf/points-within-polygon/-/points-within-polygon-7.4.0.tgz. Extracting by manifest.
2006 silly tarball no local data for @turf/point-to-line-distance@https://registry.npmjs.org/@turf/point-to-line-distance/-/point-to-line-distance-7.4.0.tgz. Extracting by manifest.
2007 silly tarball no local data for @turf/point-grid@https://registry.npmjs.org/@turf/point-grid/-/point-grid-7.4.0.tgz. Extracting by manifest.
2008 silly tarball no local data for @turf/point-to-polygon-distance@https://registry.npmjs.org/@turf/point-to-polygon-distance/-/point-to-polygon-distance-7.4.0.tgz. Extracting by manifest.
2009 silly tarball no local data for @turf/nearest-point-to-line@https://registry.npmjs.org/@turf/nearest-point-to-line/-/nearest-point-to-line-7.4.0.tgz. Extracting by manifest.
2010 silly tarball no local data for @turf/point-on-feature@https://registry.npmjs.org/@turf/point-on-feature/-/point-on-feature-7.4.0.tgz. Extracting by manifest.
2011 silly tarball no local data for @turf/planepoint@https://registry.npmjs.org/@turf/planepoint/-/planepoint-7.4.0.tgz. Extracting by manifest.
2012 silly tarball no local data for @turf/nearest-neighbor-analysis@https://registry.npmjs.org/@turf/nearest-neighbor-analysis/-/nearest-neighbor-analysis-7.4.0.tgz. Extracting by manifest.
2013 silly tarball no local data for @turf/nearest-point-on-line@https://registry.npmjs.org/@turf/nearest-point-on-line/-/nearest-point-on-line-7.4.0.tgz. Extracting by manifest.
2014 silly tarball no local data for @turf/nearest-point@https://registry.npmjs.org/@turf/nearest-point/-/nearest-point-7.4.0.tgz. Extracting by manifest.
2015 silly tarball no local data for @turf/midpoint@https://registry.npmjs.org/@turf/midpoint/-/midpoint-7.4.0.tgz. Extracting by manifest.
2016 silly tarball no local data for @turf/moran-index@https://registry.npmjs.org/@turf/moran-index/-/moran-index-7.4.0.tgz. Extracting by manifest.
2017 silly tarball no local data for @turf/polygon-smooth@https://registry.npmjs.org/@turf/polygon-smooth/-/polygon-smooth-7.4.0.tgz. Extracting by manifest.
2018 silly tarball no local data for @turf/mask@https://registry.npmjs.org/@turf/mask/-/mask-7.4.0.tgz. Extracting by manifest.
2019 silly tarball no local data for @turf/meta@https://registry.npmjs.org/@turf/meta/-/meta-7.4.0.tgz. Extracting by manifest.
2020 silly tarball no local data for @turf/polygon-to-line@https://registry.npmjs.org/@turf/polygon-to-line/-/polygon-to-line-7.4.0.tgz. Extracting by manifest.
2021 silly tarball no local data for @turf/line-split@https://registry.npmjs.org/@turf/line-split/-/line-split-7.4.0.tgz. Extracting by manifest.
2022 silly tarball no local data for @turf/line-slice-along@https://registry.npmjs.org/@turf/line-slice-along/-/line-slice-along-7.4.0.tgz. Extracting by manifest.
2023 silly tarball no local data for @turf/line-to-polygon@https://registry.npmjs.org/@turf/line-to-polygon/-/line-to-polygon-7.4.0.tgz. Extracting by manifest.
2024 silly tarball no local data for @turf/line-overlap@https://registry.npmjs.org/@turf/line-overlap/-/line-overlap-7.4.0.tgz. Extracting by manifest.
2025 silly tarball no local data for @turf/line-segment@https://registry.npmjs.org/@turf/line-segment/-/line-segment-7.4.0.tgz. Extracting by manifest.
2026 silly tarball no local data for @turf/line-slice@https://registry.npmjs.org/@turf/line-slice/-/line-slice-7.4.0.tgz. Extracting by manifest.
2027 silly tarball no local data for @turf/line-intersect@https://registry.npmjs.org/@turf/line-intersect/-/line-intersect-7.4.0.tgz. Extracting by manifest.
2028 silly tarball no local data for @turf/line-offset@https://registry.npmjs.org/@turf/line-offset/-/line-offset-7.4.0.tgz. Extracting by manifest.
2029 silly tarball no local data for @turf/length@https://registry.npmjs.org/@turf/length/-/length-7.4.0.tgz. Extracting by manifest.
2030 silly tarball no local data for @turf/line-arc@https://registry.npmjs.org/@turf/line-arc/-/line-arc-7.4.0.tgz. Extracting by manifest.
2031 silly tarball no local data for @turf/line-chunk@https://registry.npmjs.org/@turf/line-chunk/-/line-chunk-7.4.0.tgz. Extracting by manifest.
2032 silly tarball no local data for @turf/kinks@https://registry.npmjs.org/@turf/kinks/-/kinks-7.4.0.tgz. Extracting by manifest.
2033 silly tarball no local data for @turf/isolines@https://registry.npmjs.org/@turf/isolines/-/isolines-7.4.0.tgz. Extracting by manifest.
2034 silly tarball no local data for @turf/interpolate@https://registry.npmjs.org/@turf/interpolate/-/interpolate-7.4.0.tgz. Extracting by manifest.
2035 silly tarball no local data for @turf/invariant@https://registry.npmjs.org/@turf/invariant/-/invariant-7.4.0.tgz. Extracting by manifest.
2036 silly tarball no local data for @turf/intersect@https://registry.npmjs.org/@turf/intersect/-/intersect-7.4.0.tgz. Extracting by manifest.
2037 silly tarball no local data for @turf/isobands@https://registry.npmjs.org/@turf/isobands/-/isobands-7.4.0.tgz. Extracting by manifest.
2038 silly tarball no local data for @turf/helpers@https://registry.npmjs.org/@turf/helpers/-/helpers-7.4.0.tgz. Extracting by manifest.
2039 silly tarball no local data for @turf/great-circle@https://registry.npmjs.org/@turf/great-circle/-/great-circle-7.4.0.tgz. Extracting by manifest.
2040 silly tarball no local data for @turf/geojson-rbush@https://registry.npmjs.org/@turf/geojson-rbush/-/geojson-rbush-7.4.0.tgz. Extracting by manifest.
2041 silly tarball no local data for @turf/hex-grid@https://registry.npmjs.org/@turf/hex-grid/-/hex-grid-7.4.0.tgz. Extracting by manifest.
2042 silly tarball no local data for @turf/flip@https://registry.npmjs.org/@turf/flip/-/flip-7.4.0.tgz. Extracting by manifest.
2043 silly tarball no local data for @turf/explode@https://registry.npmjs.org/@turf/explode/-/explode-7.4.0.tgz. Extracting by manifest.
2044 silly tarball no local data for @turf/flatten@https://registry.npmjs.org/@turf/flatten/-/flatten-7.4.0.tgz. Extracting by manifest.
2045 silly tarball no local data for @turf/envelope@https://registry.npmjs.org/@turf/envelope/-/envelope-7.4.0.tgz. Extracting by manifest.
2046 silly tarball no local data for @turf/ellipse@https://registry.npmjs.org/@turf/ellipse/-/ellipse-7.4.0.tgz. Extracting by manifest.
2047 silly tarball no local data for @turf/distance-weight@https://registry.npmjs.org/@turf/distance-weight/-/distance-weight-7.4.0.tgz. Extracting by manifest.
2048 silly tarball no local data for @turf/distance@https://registry.npmjs.org/@turf/distance/-/distance-7.4.0.tgz. Extracting by manifest.
2049 silly tarball no local data for @turf/directional-mean@https://registry.npmjs.org/@turf/directional-mean/-/directional-mean-7.4.0.tgz. Extracting by manifest.
2050 silly tarball no local data for @turf/destination@https://registry.npmjs.org/@turf/destination/-/destination-7.4.0.tgz. Extracting by manifest.
2051 silly tarball no local data for @turf/dissolve@https://registry.npmjs.org/@turf/dissolve/-/dissolve-7.4.0.tgz. Extracting by manifest.
2052 silly tarball no local data for @turf/concave@https://registry.npmjs.org/@turf/concave/-/concave-7.4.0.tgz. Extracting by manifest.
2053 silly tarball no local data for @turf/difference@https://registry.npmjs.org/@turf/difference/-/difference-7.4.0.tgz. Extracting by manifest.
2054 silly tarball no local data for @turf/convex@https://registry.npmjs.org/@turf/convex/-/convex-7.4.0.tgz. Extracting by manifest.
2055 silly tarball no local data for @turf/collect@https://registry.npmjs.org/@turf/collect/-/collect-7.4.0.tgz. Extracting by manifest.
2056 silly tarball no local data for @turf/combine@https://registry.npmjs.org/@turf/combine/-/combine-7.4.0.tgz. Extracting by manifest.
2057 silly tarball no local data for @turf/clean-coords@https://registry.npmjs.org/@turf/clean-coords/-/clean-coords-7.4.0.tgz. Extracting by manifest.
2058 silly tarball no local data for @turf/clusters-kmeans@https://registry.npmjs.org/@turf/clusters-kmeans/-/clusters-kmeans-7.4.0.tgz. Extracting by manifest.
2059 silly tarball no local data for @turf/clone@https://registry.npmjs.org/@turf/clone/-/clone-7.4.0.tgz. Extracting by manifest.
2060 silly tarball no local data for @turf/clusters-dbscan@https://registry.npmjs.org/@turf/clusters-dbscan/-/clusters-dbscan-7.4.0.tgz. Extracting by manifest.
2061 silly tarball no local data for @turf/clusters@https://registry.npmjs.org/@turf/clusters/-/clusters-7.4.0.tgz. Extracting by manifest.
2062 silly tarball no local data for @turf/circle@https://registry.npmjs.org/@turf/circle/-/circle-7.4.0.tgz. Extracting by manifest.
2063 silly tarball no local data for @turf/center-median@https://registry.npmjs.org/@turf/center-median/-/center-median-7.4.0.tgz. Extracting by manifest.
2064 silly tarball no local data for @turf/centroid@https://registry.npmjs.org/@turf/centroid/-/centroid-7.4.0.tgz. Extracting by manifest.
2065 silly tarball no local data for @turf/buffer@https://registry.npmjs.org/@turf/buffer/-/buffer-7.4.0.tgz. Extracting by manifest.
2066 silly tarball no local data for @turf/center-mean@https://registry.npmjs.org/@turf/center-mean/-/center-mean-7.4.0.tgz. Extracting by manifest.
2067 silly tarball no local data for @turf/center-of-mass@https://registry.npmjs.org/@turf/center-of-mass/-/center-of-mass-7.4.0.tgz. Extracting by manifest.
2068 silly tarball no local data for @turf/center@https://registry.npmjs.org/@turf/center/-/center-7.4.0.tgz. Extracting by manifest.
2069 silly tarball no local data for @turf/boolean-valid@https://registry.npmjs.org/@turf/boolean-valid/-/boolean-valid-7.4.0.tgz. Extracting by manifest.
2070 silly tarball no local data for @turf/boolean-within@https://registry.npmjs.org/@turf/boolean-within/-/boolean-within-7.4.0.tgz. Extracting by manifest.
2071 silly tarball no local data for @turf/boolean-point-on-line@https://registry.npmjs.org/@turf/boolean-point-on-line/-/boolean-point-on-line-7.4.0.tgz. Extracting by manifest.
2072 silly tarball no local data for @turf/boolean-parallel@https://registry.npmjs.org/@turf/boolean-parallel/-/boolean-parallel-7.4.0.tgz. Extracting by manifest.
2073 silly tarball no local data for @turf/boolean-touches@https://registry.npmjs.org/@turf/boolean-touches/-/boolean-touches-7.4.0.tgz. Extracting by manifest.
2074 silly tarball no local data for @turf/boolean-intersects@https://registry.npmjs.org/@turf/boolean-intersects/-/boolean-intersects-7.4.0.tgz. Extracting by manifest.
2075 silly tarball no local data for @turf/boolean-overlap@https://registry.npmjs.org/@turf/boolean-overlap/-/boolean-overlap-7.4.0.tgz. Extracting by manifest.
2076 silly tarball no local data for @turf/boolean-equal@https://registry.npmjs.org/@turf/boolean-equal/-/boolean-equal-7.4.0.tgz. Extracting by manifest.
2077 silly tarball no local data for @turf/boolean-contains@https://registry.npmjs.org/@turf/boolean-contains/-/boolean-contains-7.4.0.tgz. Extracting by manifest.
2078 silly tarball no local data for @turf/boolean-disjoint@https://registry.npmjs.org/@turf/boolean-disjoint/-/boolean-disjoint-7.4.0.tgz. Extracting by manifest.
2079 silly tarball no local data for @turf/boolean-crosses@https://registry.npmjs.org/@turf/boolean-crosses/-/boolean-crosses-7.4.0.tgz. Extracting by manifest.
2080 silly tarball no local data for @turf/boolean-concave@https://registry.npmjs.org/@turf/boolean-concave/-/boolean-concave-7.4.0.tgz. Extracting by manifest.
2081 silly tarball no local data for @turf/boolean-point-in-polygon@https://registry.npmjs.org/@turf/boolean-point-in-polygon/-/boolean-point-in-polygon-7.4.0.tgz. Extracting by manifest.
2082 silly tarball no local data for @turf/boolean-clockwise@https://registry.npmjs.org/@turf/boolean-clockwise/-/boolean-clockwise-7.4.0.tgz. Extracting by manifest.
2083 silly tarball no local data for @turf/bbox-clip@https://registry.npmjs.org/@turf/bbox-clip/-/bbox-clip-7.4.0.tgz. Extracting by manifest.
2084 silly tarball no local data for @turf/bezier-spline@https://registry.npmjs.org/@turf/bezier-spline/-/bezier-spline-7.4.0.tgz. Extracting by manifest.
2085 silly tarball no local data for @turf/bearing@https://registry.npmjs.org/@turf/bearing/-/bearing-7.4.0.tgz. Extracting by manifest.
2086 silly tarball no local data for @turf/bbox-polygon@https://registry.npmjs.org/@turf/bbox-polygon/-/bbox-polygon-7.4.0.tgz. Extracting by manifest.
2087 silly tarball no local data for @turf/area@https://registry.npmjs.org/@turf/area/-/area-7.4.0.tgz. Extracting by manifest.
2088 silly tarball no local data for typescript@https://registry.npmjs.org/typescript/-/typescript-5.7.3.tgz. Extracting by manifest.
2089 silly tarball no local data for @turf/angle@https://registry.npmjs.org/@turf/angle/-/angle-7.4.0.tgz. Extracting by manifest.
2090 silly tarball no local data for @turf/along@https://registry.npmjs.org/@turf/along/-/along-7.4.0.tgz. Extracting by manifest.
2091 silly tarball no local data for @turf/bbox@https://registry.npmjs.org/@turf/bbox/-/bbox-7.4.0.tgz. Extracting by manifest.
2092 silly tarball no local data for react@https://registry.npmjs.org/react/-/react-19.2.8.tgz. Extracting by manifest.
2093 silly tarball no local data for pmtiles@https://registry.npmjs.org/pmtiles/-/pmtiles-4.5.0.tgz. Extracting by manifest.
2094 silly tarball no local data for vite@https://registry.npmjs.org/vite/-/vite-6.4.3.tgz. Extracting by manifest.
2095 silly tarball no local data for @turf/turf@https://registry.npmjs.org/@turf/turf/-/turf-7.4.0.tgz. Extracting by manifest.
2096 silly tarball no local data for react-dom@https://registry.npmjs.org/react-dom/-/react-dom-19.2.8.tgz. Extracting by manifest.
2097 silly tarball no local data for @types/react-dom@https://registry.npmjs.org/@types/react-dom/-/react-dom-19.2.5.tgz. Extracting by manifest.
2098 silly tarball no local data for @vitejs/plugin-react@https://registry.npmjs.org/@vitejs/plugin-react/-/plugin-react-4.7.0.tgz. Extracting by manifest.
2099 silly tarball no local data for maplibre-gl@https://registry.npmjs.org/maplibre-gl/-/maplibre-gl-5.24.0.tgz. Extracting by manifest.
2100 silly tarball no local data for @types/react@https://registry.npmjs.org/@types/react/-/react-19.2.18.tgz. Extracting by manifest.
2101 silly tarball no local data for quickselect@https://registry.npmjs.org/quickselect/-/quickselect-2.0.0.tgz. Extracting by manifest.
2102 silly tarball no local data for @mapbox/unitbezier@https://registry.npmjs.org/@mapbox/unitbezier/-/unitbezier-1.0.0.tgz. Extracting by manifest.
2103 silly tarball no local data for pbf@https://registry.npmjs.org/pbf/-/pbf-5.1.2.tgz. Extracting by manifest.
2104 silly tarball no local data for tinyqueue@https://registry.npmjs.org/tinyqueue/-/tinyqueue-3.0.0.tgz. Extracting by manifest.
2105 silly tarball no local data for rbush@https://registry.npmjs.org/rbush/-/rbush-2.0.2.tgz. Extracting by manifest.
2106 silly tarball no local data for quickselect@https://registry.npmjs.org/quickselect/-/quickselect-1.1.1.tgz. Extracting by manifest.
2107 silly tarball no local data for robust-predicates@https://registry.npmjs.org/robust-predicates/-/robust-predicates-3.0.3.tgz. Extracting by manifest.
2108 silly tarball no local data for tinyqueue@https://registry.npmjs.org/tinyqueue/-/tinyqueue-3.0.0.tgz. Extracting by manifest.
2109 silly tarball no local data for earcut@https://registry.npmjs.org/earcut/-/earcut-3.2.3.tgz. Extracting by manifest.
2110 http fetch POST 200 https://registry.npmjs.org/-/npm/v1/security/advisories/bulk 322ms
2111 silly audit report {}
2112 http fetch GET 200 https://registry.npmjs.org/tinyglobby/-/tinyglobby-0.2.17.tgz 309ms (cache miss)
2113 http fetch GET 200 https://registry.npmjs.org/@types/estree/-/estree-1.0.9.tgz 323ms (cache miss)
2114 http fetch GET 200 https://registry.npmjs.org/nanoid/-/nanoid-3.3.18.tgz 323ms (cache miss)
2115 http fetch GET 200 https://registry.npmjs.org/quickselect/-/quickselect-3.0.0.tgz 323ms (cache miss)
2116 http fetch GET 200 https://registry.npmjs.org/fdir/-/fdir-6.5.0.tgz 335ms (cache miss)
2117 http fetch GET 200 https://registry.npmjs.org/json-stringify-pretty-compact/-/json-stringify-pretty-compact-4.0.0.tgz 330ms (cache miss)
2118 http fetch GET 200 https://registry.npmjs.org/murmurhash-js/-/murmurhash-js-1.0.0.tgz 337ms (cache miss)
2119 http fetch GET 200 https://registry.npmjs.org/resolve-protobuf-schema/-/resolve-protobuf-schema-2.1.0.tgz 339ms (cache miss)
2120 http fetch GET 200 https://registry.npmjs.org/kdbush/-/kdbush-4.1.0.tgz 342ms (cache miss)
2121 http fetch GET 200 https://registry.npmjs.org/yallist/-/yallist-3.1.1.tgz 345ms (cache miss)
2122 http fetch GET 200 https://registry.npmjs.org/potpack/-/potpack-2.1.0.tgz 348ms (cache miss)
2123 http fetch GET 200 https://registry.npmjs.org/ms/-/ms-2.1.3.tgz 357ms (cache miss)
2124 http fetch GET 200 https://registry.npmjs.org/update-browserslist-db/-/update-browserslist-db-1.3.2.tgz 356ms (cache miss)
2125 http fetch GET 200 https://registry.npmjs.org/internmap/-/internmap-1.0.1.tgz 364ms (cache miss)
2126 http fetch GET 200 https://registry.npmjs.org/commander/-/commander-2.20.3.tgz 386ms (cache miss)
2127 http fetch GET 200 https://registry.npmjs.org/point-in-polygon/-/point-in-polygon-1.1.0.tgz 381ms (cache miss)
2128 http fetch GET 200 https://registry.npmjs.org/@types/babel__generator/-/babel__generator-7.27.0.tgz 384ms (cache miss)
2129 http fetch GET 200 https://registry.npmjs.org/@types/babel__template/-/babel__template-7.4.4.tgz 391ms (cache miss)
2130 http fetch GET 200 https://registry.npmjs.org/@types/babel__traverse/-/babel__traverse-7.28.0.tgz 396ms (cache miss)
2131 http fetch GET 200 https://registry.npmjs.org/node-releases/-/node-releases-2.0.54.tgz 413ms (cache miss)
2132 http fetch GET 200 https://registry.npmjs.org/esbuild/-/esbuild-0.25.12.tgz 432ms (cache miss)
2133 http fetch GET 200 https://registry.npmjs.org/lru-cache/-/lru-cache-5.1.1.tgz 423ms (cache miss)
2134 http fetch GET 200 https://registry.npmjs.org/@babel/helper-globals/-/helper-globals-7.29.7.tgz 424ms (cache miss)
2135 http fetch GET 200 https://registry.npmjs.org/@babel/helper-plugin-utils/-/helper-plugin-utils-7.29.7.tgz 437ms (cache miss)
2136 http fetch GET 200 https://registry.npmjs.org/@babel/helper-string-parser/-/helper-string-parser-7.29.7.tgz 449ms (cache miss)
2137 http fetch GET 200 https://registry.npmjs.org/pbf/-/pbf-4.0.2.tgz 462ms (cache miss)
2138 http fetch GET 200 https://registry.npmjs.org/jsesc/-/jsesc-3.1.0.tgz 466ms (cache miss)
2139 http fetch GET 200 https://registry.npmjs.org/picomatch/-/picomatch-4.0.7.tgz 494ms (cache miss)
2140 http fetch GET 200 https://registry.npmjs.org/picocolors/-/picocolors-1.1.1.tgz 482ms (cache miss)
2141 http fetch GET 200 https://registry.npmjs.org/js-tokens/-/js-tokens-4.0.0.tgz 482ms (cache miss)
2142 http fetch GET 200 https://registry.npmjs.org/@babel/helper-validator-option/-/helper-validator-option-7.29.7.tgz 496ms (cache miss)
2143 http fetch GET 200 https://registry.npmjs.org/@babel/compat-data/-/compat-data-7.29.7.tgz 497ms (cache miss)
2144 http fetch GET 200 https://registry.npmjs.org/escalade/-/escalade-3.2.0.tgz 568ms (cache miss)
2145 http fetch GET 200 https://registry.npmjs.org/gensync/-/gensync-1.0.0-beta.2.tgz 563ms (cache miss)
2146 http fetch GET 200 https://registry.npmjs.org/debug/-/debug-4.4.3.tgz 605ms (cache miss)
2147 http fetch GET 200 https://registry.npmjs.org/bignumber.js/-/bignumber.js-9.3.1.tgz 635ms (cache miss)
2148 http fetch GET 200 https://registry.npmjs.org/@mapbox/whoots-js/-/whoots-js-3.1.0.tgz 654ms (cache miss)
2149 http fetch GET 200 https://registry.npmjs.org/semver/-/semver-6.3.1.tgz 651ms (cache miss)
2150 http fetch GET 200 https://registry.npmjs.org/convert-source-map/-/convert-source-map-2.0.0.tgz 650ms (cache miss)
2151 http fetch GET 200 https://registry.npmjs.org/@mapbox/tiny-sdf/-/tiny-sdf-2.2.0.tgz 669ms (cache miss)
2152 http fetch GET 200 https://registry.npmjs.org/@mapbox/unitbezier/-/unitbezier-0.0.1.tgz 670ms (cache miss)
2153 http fetch GET 200 https://registry.npmjs.org/electron-to-chromium/-/electron-to-chromium-1.5.416.tgz 669ms (cache miss)
2154 http fetch GET 200 https://registry.npmjs.org/@mapbox/vector-tile/-/vector-tile-2.0.5.tgz 681ms (cache miss)
2155 http fetch GET 200 https://registry.npmjs.org/react-refresh/-/react-refresh-0.17.0.tgz 675ms (cache miss)
2156 http fetch GET 200 https://registry.npmjs.org/@rolldown/pluginutils/-/pluginutils-1.0.0-beta.27.tgz 683ms (cache miss)
2157 http fetch GET 200 https://registry.npmjs.org/browserslist/-/browserslist-4.28.8.tgz 696ms (cache miss)
2158 http fetch GET 200 https://registry.npmjs.org/@jridgewell/resolve-uri/-/resolve-uri-3.1.2.tgz 700ms (cache miss)
2159 http fetch GET 200 https://registry.npmjs.org/tinyqueue/-/tinyqueue-2.0.3.tgz 688ms (cache miss)
2160 http fetch GET 200 https://registry.npmjs.org/@babel/plugin-transform-react-jsx-source/-/plugin-transform-react-jsx-source-7.29.7.tgz 696ms (cache miss)
2161 http fetch GET 200 https://registry.npmjs.org/splaytree-ts/-/splaytree-ts-1.0.2.tgz 721ms (cache miss)
2162 http fetch GET 200 https://registry.npmjs.org/@mapbox/point-geometry/-/point-geometry-1.1.0.tgz 715ms (cache miss)
2163 http fetch GET 200 https://registry.npmjs.org/@types/babel__core/-/babel__core-7.20.5.tgz 704ms (cache miss)
2164 http fetch GET 200 https://registry.npmjs.org/concaveman/-/concaveman-1.2.1.tgz 700ms (cache miss)
2165 http fetch GET 200 https://registry.npmjs.org/baseline-browser-mapping/-/baseline-browser-mapping-2.11.20.tgz 715ms (cache miss)
2166 http fetch GET 200 https://registry.npmjs.org/@babel/plugin-transform-react-jsx-self/-/plugin-transform-react-jsx-self-7.29.7.tgz 704ms (cache miss)
2167 http fetch GET 200 https://registry.npmjs.org/scheduler/-/scheduler-0.27.0.tgz 730ms (cache miss)
2168 http fetch GET 200 https://registry.npmjs.org/point-in-polygon-hao/-/point-in-polygon-hao-1.2.4.tgz 706ms (cache miss)
2169 http fetch GET 200 https://registry.npmjs.org/@types/geojson/-/geojson-7946.0.16.tgz 715ms (cache miss)
2170 http fetch GET 200 https://registry.npmjs.org/geojson-polygon-self-intersections/-/geojson-polygon-self-intersections-1.2.2.tgz 717ms (cache miss)
2171 http fetch GET 200 https://registry.npmjs.org/geojson-equality-ts/-/geojson-equality-ts-1.0.2.tgz 716ms (cache miss)
2172 http fetch GET 200 https://registry.npmjs.org/@babel/code-frame/-/code-frame-7.29.7.tgz 725ms (cache miss)
2173 http fetch GET 200 https://registry.npmjs.org/@babel/helper-validator-identifier/-/helper-validator-identifier-7.29.7.tgz 752ms (cache miss)
2174 http fetch GET 200 https://registry.npmjs.org/rbush/-/rbush-3.0.1.tgz 745ms (cache miss)
2175 http fetch GET 200 https://registry.npmjs.org/@babel/helper-module-imports/-/helper-module-imports-7.29.7.tgz 765ms (cache miss)
2176 http fetch GET 200 https://registry.npmjs.org/earcut/-/earcut-2.2.4.tgz 761ms (cache miss)
2177 http fetch GET 200 https://registry.npmjs.org/source-map-js/-/source-map-js-1.2.1.tgz 815ms (cache miss)
2178 http fetch GET 200 https://registry.npmjs.org/@mapbox/jsonlint-lines-primitives/-/jsonlint-lines-primitives-2.0.3.tgz 826ms (cache miss)
2179 http fetch GET 200 https://registry.npmjs.org/fast-deep-equal/-/fast-deep-equal-3.1.3.tgz 815ms (cache miss)
2180 http fetch GET 200 https://registry.npmjs.org/@types/d3-voronoi/-/d3-voronoi-1.1.12.tgz 840ms (cache miss)
2181 http fetch GET 200 https://registry.npmjs.org/@types/earcut/-/earcut-2.1.4.tgz 845ms (cache miss)
2182 http fetch GET 200 https://registry.npmjs.org/tslib/-/tslib-2.8.1.tgz 865ms (cache miss)
2183 http fetch GET 200 https://registry.npmjs.org/minimist/-/minimist-1.2.8.tgz 893ms (cache miss)
2184 http fetch GET 200 https://registry.npmjs.org/@maplibre/vt-pbf/-/vt-pbf-4.3.2.tgz 899ms (cache miss)
2185 http fetch GET 200 https://registry.npmjs.org/@turf/union/-/union-7.4.0.tgz 917ms (cache miss)
2186 http fetch GET 200 https://registry.npmjs.org/@turf/voronoi/-/voronoi-7.4.0.tgz 919ms (cache miss)
2187 http fetch GET 200 https://registry.npmjs.org/@types/kdbush/-/kdbush-3.0.5.tgz 921ms (cache miss)
2188 http fetch GET 200 https://registry.npmjs.org/fflate/-/fflate-0.8.3.tgz 950ms (cache miss)
2189 http fetch GET 200 https://registry.npmjs.org/@turf/truncate/-/truncate-7.4.0.tgz 925ms (cache miss)
2190 http fetch GET 200 https://registry.npmjs.org/@turf/transform-translate/-/transform-translate-7.4.0.tgz 928ms (cache miss)
2191 http fetch GET 200 https://registry.npmjs.org/@turf/transform-rotate/-/transform-rotate-7.4.0.tgz 930ms (cache miss)
2192 http fetch GET 200 https://registry.npmjs.org/@turf/transform-scale/-/transform-scale-7.4.0.tgz 932ms (cache miss)
2193 http fetch GET 200 https://registry.npmjs.org/@turf/triangle-grid/-/triangle-grid-7.4.0.tgz 937ms (cache miss)
2194 http fetch GET 200 https://registry.npmjs.org/@turf/tesselate/-/tesselate-7.4.0.tgz 940ms (cache miss)
2195 http fetch GET 200 https://registry.npmjs.org/@babel/helper-compilation-targets/-/helper-compilation-targets-7.29.7.tgz 953ms (cache miss)
2196 http fetch GET 200 https://registry.npmjs.org/csstype/-/csstype-3.2.3.tgz 964ms (cache miss)
2197 http fetch GET 200 https://registry.npmjs.org/@babel/helper-module-transforms/-/helper-module-transforms-7.29.7.tgz 971ms (cache miss)
2198 http fetch GET 200 https://registry.npmjs.org/polyclip-ts/-/polyclip-ts-0.16.8.tgz 971ms (cache miss)
2199 http fetch GET 200 https://registry.npmjs.org/@babel/template/-/template-7.29.7.tgz 981ms (cache miss)
2200 http fetch GET 200 https://registry.npmjs.org/@rollup/rollup-win32-x64-gnu/-/rollup-win32-x64-gnu-4.63.1.tgz 1014ms (cache miss)
2201 http fetch GET 200 https://registry.npmjs.org/json5/-/json5-2.2.3.tgz 995ms (cache miss)
2202 http fetch GET 200 https://registry.npmjs.org/@turf/tag/-/tag-7.4.0.tgz 984ms (cache miss)
2203 http fetch GET 200 https://registry.npmjs.org/d3-voronoi/-/d3-voronoi-1.1.2.tgz 997ms (cache miss)
2204 http fetch GET 200 https://registry.npmjs.org/topojson-client/-/topojson-client-3.1.0.tgz 1001ms (cache miss)
2205 http fetch GET 200 https://registry.npmjs.org/robust-predicates/-/robust-predicates-2.0.4.tgz 1016ms (cache miss)
2206 http fetch GET 200 https://registry.npmjs.org/topojson-server/-/topojson-server-3.0.1.tgz 1023ms (cache miss)
2207 http fetch GET 200 https://registry.npmjs.org/@turf/unkink-polygon/-/unkink-polygon-7.4.0.tgz 1047ms (cache miss)
2208 http fetch GET 200 https://registry.npmjs.org/@jridgewell/sourcemap-codec/-/sourcemap-codec-1.6.0.tgz 1068ms (cache miss)
2209 http fetch GET 200 https://registry.npmjs.org/@rollup/rollup-win32-x64-msvc/-/rollup-win32-x64-msvc-4.63.1.tgz 1083ms (cache miss)
2210 http fetch GET 200 https://registry.npmjs.org/@turf/jsts/-/jsts-2.7.2.tgz 1068ms (cache miss)
2211 http fetch GET 200 https://registry.npmjs.org/@turf/square/-/square-7.4.0.tgz 1074ms (cache miss)
2212 http fetch GET 200 https://registry.npmjs.org/@babel/parser/-/parser-7.29.8.tgz 1090ms (cache miss)
2213 http fetch GET 200 https://registry.npmjs.org/@turf/square-grid/-/square-grid-7.4.0.tgz 1087ms (cache miss)
2214 http fetch GET 200 https://registry.npmjs.org/@jridgewell/remapping/-/remapping-2.3.5.tgz 1105ms (cache miss)
2215 http fetch GET 200 https://registry.npmjs.org/@jridgewell/gen-mapping/-/gen-mapping-0.3.13.tgz 1108ms (cache miss)
2216 http fetch GET 200 https://registry.npmjs.org/skmeans/-/skmeans-0.9.7.tgz 1125ms (cache miss)
2217 http fetch GET 200 https://registry.npmjs.org/gl-matrix/-/gl-matrix-3.4.4.tgz 1152ms (cache miss)
2218 http fetch GET 200 https://registry.npmjs.org/@turf/standard-deviational-ellipse/-/standard-deviational-ellipse-7.4.0.tgz 1150ms (cache miss)
2219 http fetch GET 200 https://registry.npmjs.org/@turf/simplify/-/simplify-7.4.0.tgz 1160ms (cache miss)
2220 http fetch GET 200 https://registry.npmjs.org/@turf/sector/-/sector-7.4.0.tgz 1165ms (cache miss)
2221 http fetch GET 200 https://registry.npmjs.org/@turf/rhumb-distance/-/rhumb-distance-7.4.0.tgz 1172ms (cache miss)
2222 http fetch GET 200 https://registry.npmjs.org/@turf/rhumb-bearing/-/rhumb-bearing-7.4.0.tgz 1174ms (cache miss)
2223 http fetch GET 200 https://registry.npmjs.org/@turf/rhumb-destination/-/rhumb-destination-7.4.0.tgz 1185ms (cache miss)
2224 http fetch GET 200 https://registry.npmjs.org/@turf/sample/-/sample-7.4.0.tgz 1198ms (cache miss)
2225 http fetch GET 200 https://registry.npmjs.org/@turf/rectangle-grid/-/rectangle-grid-7.4.0.tgz 1201ms (cache miss)
2226 http fetch GET 200 https://registry.npmjs.org/@turf/rewind/-/rewind-7.4.0.tgz 1201ms (cache miss)
2227 http fetch GET 200 https://registry.npmjs.org/protocol-buffers-schema/-/protocol-buffers-schema-3.6.1.tgz 1258ms (cache miss)
2228 http fetch GET 200 https://registry.npmjs.org/@turf/tin/-/tin-7.4.0.tgz 1231ms (cache miss)
2229 http fetch GET 200 https://registry.npmjs.org/@turf/shortest-path/-/shortest-path-7.4.0.tgz 1246ms (cache miss)
2230 http fetch GET 200 https://registry.npmjs.org/@turf/quadrat-analysis/-/quadrat-analysis-7.4.0.tgz 1248ms (cache miss)
2231 http fetch GET 200 https://registry.npmjs.org/postcss/-/postcss-8.5.26.tgz 1290ms (cache miss)
2232 http fetch GET 200 https://registry.npmjs.org/@turf/projection/-/projection-7.4.0.tgz 1259ms (cache miss)
2233 http fetch GET 200 https://registry.npmjs.org/@jridgewell/trace-mapping/-/trace-mapping-0.3.31.tgz 1286ms (cache miss)
2234 http fetch GET 200 https://registry.npmjs.org/arc/-/arc-0.2.0.tgz 1286ms (cache miss)
2235 http fetch GET 200 https://registry.npmjs.org/rollup/-/rollup-4.63.1.tgz 1321ms (cache miss)
2236 http fetch GET 200 https://registry.npmjs.org/@babel/generator/-/generator-7.29.8.tgz 1322ms (cache miss)
2237 http fetch GET 200 https://registry.npmjs.org/d3-array/-/d3-array-2.12.1.tgz 1342ms (cache miss)
2238 http fetch GET 200 https://registry.npmjs.org/d3-geo/-/d3-geo-2.0.2.tgz 1376ms (cache miss)
2239 http fetch GET 200 https://registry.npmjs.org/@maplibre/geojson-vt/-/geojson-vt-6.1.1.tgz 1403ms (cache miss)
2240 http fetch GET 200 https://registry.npmjs.org/@babel/traverse/-/traverse-7.29.8.tgz 1426ms (cache miss)
2241 http fetch GET 200 https://registry.npmjs.org/@esbuild/win32-x64/-/win32-x64-0.25.12.tgz 1481ms (cache miss)
2242 http fetch GET 200 https://registry.npmjs.org/@turf/point-grid/-/point-grid-7.4.0.tgz 1479ms (cache miss)
2243 http fetch GET 200 https://registry.npmjs.org/@turf/random/-/random-7.4.0.tgz 1481ms (cache miss)
2244 http fetch GET 200 https://registry.npmjs.org/@turf/points-within-polygon/-/points-within-polygon-7.4.0.tgz 1481ms (cache miss)
2245 http fetch GET 200 https://registry.npmjs.org/@turf/point-to-polygon-distance/-/point-to-polygon-distance-7.4.0.tgz 1479ms (cache miss)
2246 http fetch GET 200 https://registry.npmjs.org/@turf/point-to-line-distance/-/point-to-line-distance-7.4.0.tgz 1480ms (cache miss)
2247 http fetch GET 200 https://registry.npmjs.org/@turf/planepoint/-/planepoint-7.4.0.tgz 1479ms (cache miss)
2248 http fetch GET 200 https://registry.npmjs.org/@turf/nearest-point-on-line/-/nearest-point-on-line-7.4.0.tgz 1479ms (cache miss)
2249 http fetch GET 200 https://registry.npmjs.org/@turf/polygon-tangents/-/polygon-tangents-7.4.0.tgz 1483ms (cache miss)
2250 http fetch GET 200 https://registry.npmjs.org/@turf/nearest-point-to-line/-/nearest-point-to-line-7.4.0.tgz 1481ms (cache miss)
2251 http fetch GET 200 https://registry.npmjs.org/@turf/nearest-neighbor-analysis/-/nearest-neighbor-analysis-7.4.0.tgz 1481ms (cache miss)
2252 http fetch GET 200 https://registry.npmjs.org/@turf/point-on-feature/-/point-on-feature-7.4.0.tgz 1484ms (cache miss)
2253 http fetch GET 200 https://registry.npmjs.org/@turf/midpoint/-/midpoint-7.4.0.tgz 1486ms (cache miss)
2254 http fetch GET 200 https://registry.npmjs.org/@turf/nearest-point/-/nearest-point-7.4.0.tgz 1509ms (cache miss)
2255 http fetch GET 200 https://registry.npmjs.org/@turf/moran-index/-/moran-index-7.4.0.tgz 1519ms (cache miss)
2256 http fetch GET 200 https://registry.npmjs.org/@turf/polygonize/-/polygonize-7.4.0.tgz 1535ms (cache miss)
2257 http fetch GET 200 https://registry.npmjs.org/@babel/core/-/core-7.29.7.tgz 1697ms (cache miss)
2258 http fetch GET 200 https://registry.npmjs.org/@turf/polygon-smooth/-/polygon-smooth-7.4.0.tgz 1777ms (cache miss)
2259 http fetch GET 200 https://registry.npmjs.org/@turf/mask/-/mask-7.4.0.tgz 1779ms (cache miss)
2260 http fetch GET 200 https://registry.npmjs.org/@turf/line-segment/-/line-segment-7.4.0.tgz 1777ms (cache miss)
2261 http fetch GET 200 https://registry.npmjs.org/@turf/line-slice-along/-/line-slice-along-7.4.0.tgz 1779ms (cache miss)
2262 http fetch GET 200 https://registry.npmjs.org/@turf/line-to-polygon/-/line-to-polygon-7.4.0.tgz 1779ms (cache miss)
2263 http fetch GET 200 https://registry.npmjs.org/@turf/line-overlap/-/line-overlap-7.4.0.tgz 1778ms (cache miss)
2264 http fetch GET 200 https://registry.npmjs.org/@turf/line-slice/-/line-slice-7.4.0.tgz 1779ms (cache miss)
2265 http fetch GET 200 https://registry.npmjs.org/@turf/line-offset/-/line-offset-7.4.0.tgz 1779ms (cache miss)
2266 http fetch GET 200 https://registry.npmjs.org/@turf/length/-/length-7.4.0.tgz 1779ms (cache miss)
2267 http fetch GET 200 https://registry.npmjs.org/@turf/polygon-to-line/-/polygon-to-line-7.4.0.tgz 1782ms (cache miss)
2268 http fetch GET 200 https://registry.npmjs.org/@turf/line-split/-/line-split-7.4.0.tgz 1817ms (cache miss)
2269 http fetch GET 200 https://registry.npmjs.org/@turf/line-intersect/-/line-intersect-7.4.0.tgz 1822ms (cache miss)
2270 http fetch GET 200 https://registry.npmjs.org/@turf/line-arc/-/line-arc-7.4.0.tgz 1828ms (cache miss)
2271 http fetch GET 200 https://registry.npmjs.org/@turf/meta/-/meta-7.4.0.tgz 1834ms (cache miss)
2272 http fetch GET 200 https://registry.npmjs.org/@turf/line-chunk/-/line-chunk-7.4.0.tgz 1831ms (cache miss)
2273 http fetch GET 200 https://registry.npmjs.org/@babel/types/-/types-7.29.8.tgz 1910ms (cache miss)
2274 http fetch GET 200 https://registry.npmjs.org/@babel/helpers/-/helpers-7.29.7.tgz 2006ms (cache miss)
2275 http fetch GET 200 https://registry.npmjs.org/@maplibre/maplibre-gl-style-spec/-/maplibre-gl-style-spec-24.10.0.tgz 2040ms (cache miss)
2276 http fetch GET 200 https://registry.npmjs.org/@maplibre/mlt/-/mlt-1.2.0.tgz 2081ms (cache miss)
2277 http fetch GET 200 https://registry.npmjs.org/@turf/invariant/-/invariant-7.4.0.tgz 2116ms (cache miss)
2278 http fetch GET 200 https://registry.npmjs.org/@turf/interpolate/-/interpolate-7.4.0.tgz 2118ms (cache miss)
2279 http fetch GET 200 https://registry.npmjs.org/@turf/geojson-rbush/-/geojson-rbush-7.4.0.tgz 2116ms (cache miss)
2280 http fetch GET 200 https://registry.npmjs.org/@turf/flatten/-/flatten-7.4.0.tgz 2116ms (cache miss)
2281 http fetch GET 200 https://registry.npmjs.org/@turf/envelope/-/envelope-7.4.0.tgz 2119ms (cache miss)
2282 http fetch GET 200 https://registry.npmjs.org/@turf/intersect/-/intersect-7.4.0.tgz 2122ms (cache miss)
2283 http fetch GET 200 https://registry.npmjs.org/@turf/kinks/-/kinks-7.4.0.tgz 2125ms (cache miss)
2284 http fetch GET 200 https://registry.npmjs.org/@turf/great-circle/-/great-circle-7.4.0.tgz 2122ms (cache miss)
2285 http fetch GET 200 https://registry.npmjs.org/@turf/flip/-/flip-7.4.0.tgz 2123ms (cache miss)
2286 http fetch GET 200 https://registry.npmjs.org/@turf/ellipse/-/ellipse-7.4.0.tgz 2132ms (cache miss)
2287 http fetch GET 200 https://registry.npmjs.org/@turf/explode/-/explode-7.4.0.tgz 2162ms (cache miss)
2288 http fetch GET 200 https://registry.npmjs.org/@turf/hex-grid/-/hex-grid-7.4.0.tgz 2164ms (cache miss)
2289 http fetch GET 200 https://registry.npmjs.org/@turf/isolines/-/isolines-7.4.0.tgz 2168ms (cache miss)
2290 http fetch GET 200 https://registry.npmjs.org/@turf/isobands/-/isobands-7.4.0.tgz 2171ms (cache miss)
2291 http fetch GET 200 https://registry.npmjs.org/@turf/helpers/-/helpers-7.4.0.tgz 2172ms (cache miss)
2292 http fetch GET 200 https://registry.npmjs.org/@turf/distance/-/distance-7.4.0.tgz 2387ms (cache miss)
2293 http fetch GET 200 https://registry.npmjs.org/@turf/concave/-/concave-7.4.0.tgz 2387ms (cache miss)
2294 http fetch GET 200 https://registry.npmjs.org/@turf/directional-mean/-/directional-mean-7.4.0.tgz 2387ms (cache miss)
2295 http fetch GET 200 https://registry.npmjs.org/@turf/destination/-/destination-7.4.0.tgz 2387ms (cache miss)
2296 http fetch GET 200 https://registry.npmjs.org/@turf/difference/-/difference-7.4.0.tgz 2387ms (cache miss)
2297 http fetch GET 200 https://registry.npmjs.org/@turf/dissolve/-/dissolve-7.4.0.tgz 2388ms (cache miss)
2298 http fetch GET 200 https://registry.npmjs.org/@turf/clusters-dbscan/-/clusters-dbscan-7.4.0.tgz 2386ms (cache miss)
2299 http fetch GET 200 https://registry.npmjs.org/@turf/combine/-/combine-7.4.0.tgz 2388ms (cache miss)
2300 http fetch GET 200 https://registry.npmjs.org/@turf/clean-coords/-/clean-coords-7.4.0.tgz 2387ms (cache miss)
2301 http fetch GET 200 https://registry.npmjs.org/@turf/clusters-kmeans/-/clusters-kmeans-7.4.0.tgz 2388ms (cache miss)
2302 http fetch GET 200 https://registry.npmjs.org/@turf/convex/-/convex-7.4.0.tgz 2391ms (cache miss)
2303 http fetch GET 200 https://registry.npmjs.org/@turf/clone/-/clone-7.4.0.tgz 2391ms (cache miss)
2304 http fetch GET 200 https://registry.npmjs.org/@turf/distance-weight/-/distance-weight-7.4.0.tgz 2424ms (cache miss)
2305 http fetch GET 200 https://registry.npmjs.org/@turf/collect/-/collect-7.4.0.tgz 2423ms (cache miss)
2306 http fetch GET 200 https://registry.npmjs.org/@turf/clusters/-/clusters-7.4.0.tgz 2427ms (cache miss)
2307 http fetch GET 200 https://registry.npmjs.org/@turf/boolean-valid/-/boolean-valid-7.4.0.tgz 2647ms (cache miss)
2308 http fetch GET 200 https://registry.npmjs.org/@turf/center-mean/-/center-mean-7.4.0.tgz 2648ms (cache miss)
2309 http fetch GET 200 https://registry.npmjs.org/@turf/buffer/-/buffer-7.4.0.tgz 2652ms (cache miss)
2310 http fetch GET 200 https://registry.npmjs.org/@turf/centroid/-/centroid-7.4.0.tgz 2654ms (cache miss)
2311 http fetch GET 200 https://registry.npmjs.org/@turf/circle/-/circle-7.4.0.tgz 2659ms (cache miss)
2312 http fetch GET 200 https://registry.npmjs.org/@turf/center-median/-/center-median-7.4.0.tgz 2660ms (cache miss)
2313 http fetch GET 200 https://registry.npmjs.org/@turf/boolean-within/-/boolean-within-7.4.0.tgz 2659ms (cache miss)
2314 http fetch GET 200 https://registry.npmjs.org/@turf/boolean-point-on-line/-/boolean-point-on-line-7.4.0.tgz 2659ms (cache miss)
2315 http fetch GET 200 https://registry.npmjs.org/@turf/center-of-mass/-/center-of-mass-7.4.0.tgz 2665ms (cache miss)
2316 http fetch GET 200 https://registry.npmjs.org/@turf/boolean-intersects/-/boolean-intersects-7.4.0.tgz 2666ms (cache miss)
2317 http fetch GET 200 https://registry.npmjs.org/@turf/center/-/center-7.4.0.tgz 2670ms (cache miss)
2318 http fetch GET 200 https://registry.npmjs.org/@turf/boolean-parallel/-/boolean-parallel-7.4.0.tgz 2677ms (cache miss)
2319 http fetch GET 200 https://registry.npmjs.org/@turf/boolean-overlap/-/boolean-overlap-7.4.0.tgz 2679ms (cache miss)
2320 http fetch GET 200 https://registry.npmjs.org/@turf/boolean-equal/-/boolean-equal-7.4.0.tgz 2678ms (cache miss)
2321 http fetch GET 200 https://registry.npmjs.org/@turf/boolean-touches/-/boolean-touches-7.4.0.tgz 2707ms (cache miss)
2322 http fetch GET 200 https://registry.npmjs.org/react/-/react-19.2.8.tgz 2824ms (cache miss)
2323 http fetch GET 200 https://registry.npmjs.org/pmtiles/-/pmtiles-4.5.0.tgz 2834ms (cache miss)
2324 http fetch GET 200 https://registry.npmjs.org/@turf/boolean-disjoint/-/boolean-disjoint-7.4.0.tgz 2889ms (cache miss)
2325 http fetch GET 200 https://registry.npmjs.org/@turf/bearing/-/bearing-7.4.0.tgz 2963ms (cache miss)
2326 http fetch GET 200 https://registry.npmjs.org/@turf/boolean-clockwise/-/boolean-clockwise-7.4.0.tgz 2966ms (cache miss)
2327 http fetch GET 200 https://registry.npmjs.org/@turf/boolean-point-in-polygon/-/boolean-point-in-polygon-7.4.0.tgz 2967ms (cache miss)
2328 http fetch GET 200 https://registry.npmjs.org/@turf/bbox-polygon/-/bbox-polygon-7.4.0.tgz 2967ms (cache miss)
2329 http fetch GET 200 https://registry.npmjs.org/@turf/boolean-concave/-/boolean-concave-7.4.0.tgz 2970ms (cache miss)
2330 http fetch GET 200 https://registry.npmjs.org/@turf/bbox-clip/-/bbox-clip-7.4.0.tgz 2975ms (cache miss)
2331 http fetch GET 200 https://registry.npmjs.org/@turf/boolean-crosses/-/boolean-crosses-7.4.0.tgz 2981ms (cache miss)
2332 http fetch GET 200 https://registry.npmjs.org/@turf/bezier-spline/-/bezier-spline-7.4.0.tgz 2979ms (cache miss)
2333 http fetch GET 200 https://registry.npmjs.org/@turf/area/-/area-7.4.0.tgz 2978ms (cache miss)
2334 http fetch GET 200 https://registry.npmjs.org/@types/react-dom/-/react-dom-19.2.5.tgz 2977ms (cache miss)
2335 http fetch GET 200 https://registry.npmjs.org/quickselect/-/quickselect-2.0.0.tgz 2985ms (cache miss)
2336 http fetch GET 200 https://registry.npmjs.org/tinyqueue/-/tinyqueue-3.0.0.tgz 2989ms (cache miss)
2337 http fetch GET 200 https://registry.npmjs.org/@turf/bbox/-/bbox-7.4.0.tgz 2997ms (cache miss)
2338 http fetch GET 200 https://registry.npmjs.org/quickselect/-/quickselect-1.1.1.tgz 2998ms (cache miss)
2339 http fetch GET 200 https://registry.npmjs.org/tinyqueue/-/tinyqueue-3.0.0.tgz 2975ms (cache miss)
2340 http fetch GET 200 https://registry.npmjs.org/rbush/-/rbush-2.0.2.tgz 3013ms (cache miss)
2341 http fetch GET 200 https://registry.npmjs.org/earcut/-/earcut-3.2.3.tgz 3008ms (cache miss)
2342 http fetch GET 200 https://registry.npmjs.org/@turf/boolean-contains/-/boolean-contains-7.4.0.tgz 3048ms (cache miss)
2343 http fetch GET 200 https://registry.npmjs.org/@vitejs/plugin-react/-/plugin-react-4.7.0.tgz 3042ms (cache miss)
2344 http fetch GET 200 https://registry.npmjs.org/pbf/-/pbf-5.1.2.tgz 3042ms (cache miss)
2345 http fetch GET 200 https://registry.npmjs.org/@types/react/-/react-19.2.18.tgz 3092ms (cache miss)
2346 http fetch GET 200 https://registry.npmjs.org/robust-predicates/-/robust-predicates-3.0.3.tgz 3110ms (cache miss)
2347 http fetch GET 200 https://registry.npmjs.org/@turf/along/-/along-7.4.0.tgz 3148ms (cache miss)
2348 http fetch GET 200 https://registry.npmjs.org/@mapbox/unitbezier/-/unitbezier-1.0.0.tgz 3185ms (cache miss)
2349 http fetch GET 200 https://registry.npmjs.org/vite/-/vite-6.4.3.tgz 3201ms (cache miss)
2350 http fetch GET 200 https://registry.npmjs.org/@turf/angle/-/angle-7.4.0.tgz 3219ms (cache miss)
2351 http fetch GET 200 https://registry.npmjs.org/react-dom/-/react-dom-19.2.8.tgz 3391ms (cache miss)
2352 http fetch GET 200 https://registry.npmjs.org/@turf/turf/-/turf-7.4.0.tgz 3504ms (cache miss)
2353 http fetch GET 200 https://registry.npmjs.org/jsts/-/jsts-2.7.1.tgz 3708ms (cache miss)
2354 http fetch GET 200 https://registry.npmjs.org/typescript/-/typescript-5.7.3.tgz 3674ms (cache miss)
2355 http fetch GET 200 https://registry.npmjs.org/caniuse-lite/-/caniuse-lite-1.0.30001810.tgz 3800ms (cache miss)
2356 http fetch GET 200 https://registry.npmjs.org/maplibre-gl/-/maplibre-gl-5.24.0.tgz 4980ms (cache miss)
2357 info run esbuild@0.25.12 postinstall node_modules/esbuild node install.js
2358 info run esbuild@0.25.12 postinstall { code: 0, signal: null }
2359 silly ADD node_modules/@types/estree
2360 silly ADD node_modules/@rollup/rollup-win32-x64-msvc
2361 silly ADD node_modules/@rollup/rollup-win32-x64-gnu
2362 silly ADD node_modules/source-map-js
2363 silly ADD node_modules/nanoid
2364 silly ADD node_modules/@esbuild/win32-x64
2365 silly ADD node_modules/tinyglobby
2366 silly ADD node_modules/rollup
2367 silly ADD node_modules/postcss
2368 silly ADD node_modules/picomatch
2369 silly ADD node_modules/fdir
2370 silly ADD node_modules/esbuild
2371 silly ADD node_modules/escalade
2372 silly ADD node_modules/commander
2373 silly ADD node_modules/protocol-buffers-schema
2374 silly ADD node_modules/scheduler
2375 silly ADD node_modules/splaytree-ts
2376 silly ADD node_modules/bignumber.js
2377 silly ADD node_modules/fflate
2378 silly ADD node_modules/resolve-protobuf-schema
2379 silly ADD node_modules/minimist
2380 silly ADD node_modules/json-stringify-pretty-compact
2381 silly ADD node_modules/quickselect
2382 silly ADD node_modules/potpack
2383 silly ADD node_modules/pbf
2384 silly ADD node_modules/murmurhash-js
2385 silly ADD node_modules/kdbush
2386 silly ADD node_modules/gl-matrix
2387 silly ADD node_modules/@maplibre/vt-pbf
2388 silly ADD node_modules/@maplibre/vt-pbf/node_modules/pbf
2389 silly ADD node_modules/@maplibre/mlt
2390 silly ADD node_modules/@maplibre/maplibre-gl-style-spec
2391 silly ADD node_modules/@maplibre/maplibre-gl-style-spec/node_modules/tinyqueue
2392 silly ADD node_modules/@maplibre/maplibre-gl-style-spec/node_modules/@mapbox/unitbezier
2393 silly ADD node_modules/@maplibre/geojson-vt
2394 silly ADD node_modules/@mapbox/whoots-js
2395 silly ADD node_modules/@mapbox/vector-tile
2396 silly ADD node_modules/@mapbox/unitbezier
2397 silly ADD node_modules/@mapbox/tiny-sdf
2398 silly ADD node_modules/@mapbox/point-geometry
2399 silly ADD node_modules/@mapbox/jsonlint-lines-primitives
2400 silly ADD node_modules/yallist
2401 silly ADD node_modules/ms
2402 silly ADD node_modules/internmap
2403 silly ADD node_modules/d3-array
2404 silly ADD node_modules/point-in-polygon
2405 silly ADD node_modules/update-browserslist-db
2406 silly ADD node_modules/node-releases
2407 silly ADD node_modules/electron-to-chromium
2408 silly ADD node_modules/caniuse-lite
2409 silly ADD node_modules/baseline-browser-mapping
2410 silly ADD node_modules/@types/babel__traverse
2411 silly ADD node_modules/@types/babel__template
2412 silly ADD node_modules/@types/babel__generator
2413 silly ADD node_modules/@jridgewell/resolve-uri
2414 silly ADD node_modules/@jridgewell/sourcemap-codec
2415 silly ADD node_modules/@babel/helper-string-parser
2416 silly ADD node_modules/@babel/helper-globals
2417 silly ADD node_modules/@babel/helper-plugin-utils
2418 silly ADD node_modules/@babel/helper-module-imports
2419 silly ADD node_modules/lru-cache
2420 silly ADD node_modules/browserslist
2421 silly ADD node_modules/@babel/helper-validator-option
2422 silly ADD node_modules/@babel/compat-data
2423 silly ADD node_modules/jsesc
2424 silly ADD node_modules/@jridgewell/trace-mapping
2425 silly ADD node_modules/@jridgewell/gen-mapping
2426 silly ADD node_modules/picocolors
2427 silly ADD node_modules/js-tokens
2428 silly ADD node_modules/@babel/helper-validator-identifier
2429 silly ADD node_modules/semver
2430 silly ADD node_modules/json5
2431 silly ADD node_modules/gensync
2432 silly ADD node_modules/debug
2433 silly ADD node_modules/convert-source-map
2434 silly ADD node_modules/@jridgewell/remapping
2435 silly ADD node_modules/@babel/types
2436 silly ADD node_modules/@babel/traverse
2437 silly ADD node_modules/@babel/template
2438 silly ADD node_modules/@babel/parser
2439 silly ADD node_modules/@babel/helpers
2440 silly ADD node_modules/@babel/helper-module-transforms
2441 silly ADD node_modules/@babel/helper-compilation-targets
2442 silly ADD node_modules/@babel/generator
2443 silly ADD node_modules/@babel/code-frame
2444 silly ADD node_modules/react-refresh
2445 silly ADD node_modules/@types/babel__core
2446 silly ADD node_modules/@rolldown/pluginutils
2447 silly ADD node_modules/@babel/plugin-transform-react-jsx-source
2448 silly ADD node_modules/@babel/plugin-transform-react-jsx-self
2449 silly ADD node_modules/@babel/core
2450 silly ADD node_modules/csstype
2451 silly ADD node_modules/d3-voronoi
2452 silly ADD node_modules/@types/d3-voronoi
2453 silly ADD node_modules/earcut
2454 silly ADD node_modules/@types/earcut
2455 silly ADD node_modules/fast-deep-equal
2456 silly ADD node_modules/tinyqueue
2457 silly ADD node_modules/robust-predicates
2458 silly ADD node_modules/jsts
2459 silly ADD node_modules/arc
2460 silly ADD node_modules/polyclip-ts
2461 silly ADD node_modules/concaveman
2462 silly ADD node_modules/topojson-server
2463 silly ADD node_modules/topojson-client
2464 silly ADD node_modules/skmeans
2465 silly ADD node_modules/rbush
2466 silly ADD node_modules/rbush/node_modules/quickselect
2467 silly ADD node_modules/d3-geo
2468 silly ADD node_modules/@turf/jsts
2469 silly ADD node_modules/geojson-polygon-self-intersections
2470 silly ADD node_modules/geojson-polygon-self-intersections/node_modules/quickselect
2471 silly ADD node_modules/geojson-polygon-self-intersections/node_modules/rbush
2472 silly ADD node_modules/point-in-polygon-hao
2473 silly ADD node_modules/point-in-polygon-hao/node_modules/robust-predicates
2474 silly ADD node_modules/geojson-equality-ts
2475 silly ADD node_modules/tslib
2476 silly ADD node_modules/@types/kdbush
2477 silly ADD node_modules/@types/geojson
2478 silly ADD node_modules/@turf/voronoi
2479 silly ADD node_modules/@turf/unkink-polygon
2480 silly ADD node_modules/@turf/union
2481 silly ADD node_modules/@turf/truncate
2482 silly ADD node_modules/@turf/triangle-grid
2483 silly ADD node_modules/@turf/transform-translate
2484 silly ADD node_modules/@turf/transform-scale
2485 silly ADD node_modules/@turf/transform-rotate
2486 silly ADD node_modules/@turf/tin
2487 silly ADD node_modules/@turf/tesselate
2488 silly ADD node_modules/@turf/tag
2489 silly ADD node_modules/@turf/standard-deviational-ellipse
2490 silly ADD node_modules/@turf/square-grid
2491 silly ADD node_modules/@turf/square
2492 silly ADD node_modules/@turf/simplify
2493 silly ADD node_modules/@turf/shortest-path
2494 silly ADD node_modules/@turf/sector
2495 silly ADD node_modules/@turf/sample
2496 silly ADD node_modules/@turf/rhumb-distance
2497 silly ADD node_modules/@turf/rhumb-destination
2498 silly ADD node_modules/@turf/rhumb-bearing
2499 silly ADD node_modules/@turf/rewind
2500 silly ADD node_modules/@turf/rectangle-grid
2501 silly ADD node_modules/@turf/random
2502 silly ADD node_modules/@turf/quadrat-analysis
2503 silly ADD node_modules/@turf/projection
2504 silly ADD node_modules/@turf/polygonize
2505 silly ADD node_modules/@turf/polygon-to-line
2506 silly ADD node_modules/@turf/polygon-tangents
2507 silly ADD node_modules/@turf/polygon-smooth
2508 silly ADD node_modules/@turf/points-within-polygon
2509 silly ADD node_modules/@turf/point-to-polygon-distance
2510 silly ADD node_modules/@turf/point-to-line-distance
2511 silly ADD node_modules/@turf/point-on-feature
2512 silly ADD node_modules/@turf/point-grid
2513 silly ADD node_modules/@turf/planepoint
2514 silly ADD node_modules/@turf/nearest-point-to-line
2515 silly ADD node_modules/@turf/nearest-point-on-line
2516 silly ADD node_modules/@turf/nearest-point
2517 silly ADD node_modules/@turf/nearest-neighbor-analysis
2518 silly ADD node_modules/@turf/moran-index
2519 silly ADD node_modules/@turf/midpoint
2520 silly ADD node_modules/@turf/meta
2521 silly ADD node_modules/@turf/mask
2522 silly ADD node_modules/@turf/line-to-polygon
2523 silly ADD node_modules/@turf/line-split
2524 silly ADD node_modules/@turf/line-slice-along
2525 silly ADD node_modules/@turf/line-slice
2526 silly ADD node_modules/@turf/line-segment
2527 silly ADD node_modules/@turf/line-overlap
2528 silly ADD node_modules/@turf/line-offset
2529 silly ADD node_modules/@turf/line-intersect
2530 silly ADD node_modules/@turf/line-chunk
2531 silly ADD node_modules/@turf/line-arc
2532 silly ADD node_modules/@turf/length
2533 silly ADD node_modules/@turf/kinks
2534 silly ADD node_modules/@turf/isolines
2535 silly ADD node_modules/@turf/isobands
2536 silly ADD node_modules/@turf/invariant
2537 silly ADD node_modules/@turf/intersect
2538 silly ADD node_modules/@turf/interpolate
2539 silly ADD node_modules/@turf/hex-grid
2540 silly ADD node_modules/@turf/helpers
2541 silly ADD node_modules/@turf/great-circle
2542 silly ADD node_modules/@turf/geojson-rbush
2543 silly ADD node_modules/@turf/flip
2544 silly ADD node_modules/@turf/flatten
2545 silly ADD node_modules/@turf/explode
2546 silly ADD node_modules/@turf/envelope
2547 silly ADD node_modules/@turf/ellipse
2548 silly ADD node_modules/@turf/distance-weight
2549 silly ADD node_modules/@turf/distance
2550 silly ADD node_modules/@turf/dissolve
2551 silly ADD node_modules/@turf/directional-mean
2552 silly ADD node_modules/@turf/difference
2553 silly ADD node_modules/@turf/destination
2554 silly ADD node_modules/@turf/convex
2555 silly ADD node_modules/@turf/concave
2556 silly ADD node_modules/@turf/combine
2557 silly ADD node_modules/@turf/collect
2558 silly ADD node_modules/@turf/clusters-kmeans
2559 silly ADD node_modules/@turf/clusters-dbscan
2560 silly ADD node_modules/@turf/clusters
2561 silly ADD node_modules/@turf/clone
2562 silly ADD node_modules/@turf/clean-coords
2563 silly ADD node_modules/@turf/circle
2564 silly ADD node_modules/@turf/centroid
2565 silly ADD node_modules/@turf/center-of-mass
2566 silly ADD node_modules/@turf/center-median
2567 silly ADD node_modules/@turf/center-mean
2568 silly ADD node_modules/@turf/center
2569 silly ADD node_modules/@turf/buffer
2570 silly ADD node_modules/@turf/boolean-within
2571 silly ADD node_modules/@turf/boolean-valid
2572 silly ADD node_modules/@turf/boolean-touches
2573 silly ADD node_modules/@turf/boolean-point-on-line
2574 silly ADD node_modules/@turf/boolean-point-in-polygon
2575 silly ADD node_modules/@turf/boolean-parallel
2576 silly ADD node_modules/@turf/boolean-overlap
2577 silly ADD node_modules/@turf/boolean-intersects
2578 silly ADD node_modules/@turf/boolean-equal
2579 silly ADD node_modules/@turf/boolean-disjoint
2580 silly ADD node_modules/@turf/boolean-crosses
2581 silly ADD node_modules/@turf/boolean-contains
2582 silly ADD node_modules/@turf/boolean-concave
2583 silly ADD node_modules/@turf/boolean-clockwise
2584 silly ADD node_modules/@turf/bezier-spline
2585 silly ADD node_modules/@turf/bearing
2586 silly ADD node_modules/@turf/bbox-polygon
2587 silly ADD node_modules/@turf/bbox-clip
2588 silly ADD node_modules/@turf/bbox
2589 silly ADD node_modules/@turf/area
2590 silly ADD node_modules/@turf/angle
2591 silly ADD node_modules/@turf/along
2592 silly ADD node_modules/typescript
2593 silly ADD node_modules/react-dom
2594 silly ADD node_modules/react
2595 silly ADD node_modules/pmtiles
2596 silly ADD node_modules/maplibre-gl
2597 silly ADD node_modules/maplibre-gl/node_modules/tinyqueue
2598 silly ADD node_modules/maplibre-gl/node_modules/earcut
2599 silly ADD node_modules/vite
2600 silly ADD node_modules/@vitejs/plugin-react
2601 silly ADD node_modules/@types/react-dom
2602 silly ADD node_modules/@types/react
2603 silly ADD node_modules/@turf/turf
2604 verbose cwd C:\Users\Sarthak\Documents\Codex\2026-08-28\files-pasted-by-the-user-you
2605 verbose os Windows_NT 10.0.26200
2606 verbose node v24.13.1
2607 verbose npm  v11.8.0
2608 notice
2608 notice New minor version of npm available! 11.8.0 -> 11.19.1
2608 notice Changelog: https://github.com/npm/cli/releases/tag/v11.19.1
2608 notice To update run: npm install -g npm@11.19.1
2608 notice  { force: true, Symbol(proc-log.meta): true }
2609 verbose exit 0
2610 info ok
